event_id,user_id,event_date,event_type,value
E00000,U103,01.08.2022,purchase,516.66
E00001,U271,01.08.2022,purchase,88.78
E00002,U107,01.08.2022,click,104.43
E00003,U072,01.08.2022,click,42.49
E00004,U189,01.08.2022,view,95.5
E00005,U021,01.08.2022,click,162.67
E00006,U103,01.08.2022,click,208.65
E00007,U122,01.08.2022,click,210.28
E00008,U215,02.08.2022,click,
E00009,U088,02.08.2022,view,352.07
E00010,U100,02.08.2022,view,255.08
E00011,U152,02.08.2022,view,212.23
E00012,U131,02.08.2022,click,8.58
E00013,U150,02.08.2022,click,1.04
E00014,U258,02.08.2022,click,35.82
E00015,U294,02.08.2022,click,163.38
E00016,U192,03.08.2022,click,79.45
E00017,U277,03.08.2022,view,77.23
E00018,U161,03.08.2022,click,323.89
E00019,U022,03.08.2022,purchase,338.88
E00020,U253,03.08.2022,click,359.82
E00021,U236,03.08.2022,click,56.5
E00022,U049,03.08.2022,click,176.19
E00023,U059,03.08.2022,login,47.54
E00024,U170,04.08.2022,view,31.72
E00025,U188,04.08.2022,login,
E00026,U271,04.08.2022,click,62.81
E00027,U190,04.08.2022,click,84.31
E00028,U175,04.08.2022,purchase,266.63
E00029,U051,04.08.2022,click,19.16
E00030,U055,04.08.2022,view,
E00031,U244,04.08.2022,click,
E00032,U131,05.08.2022,click,50.94
E00033,U135,05.08.2022,click,101.83
E00034,U021,05.08.2022,click,53.49
E00035,U167,05.08.2022,view,135.98
E00036,U274,05.08.2022,click,85.33
E00037,U089,05.08.2022,click,26.94
E00038,U014,05.08.2022,click,
E00039,U242,05.08.2022,click,118.68
E00040,U265,06.08.2022,view,349.05
E00041,U053,06.08.2022,view,63.23
E00042,U092,06.08.2022,login,198.08
E00043,U264,06.08.2022,view,161.23
E00044,U035,06.08.2022,click,402.26
E00045,U206,06.08.2022,purchase,258.04
E00046,U081,06.08.2022,click,
E00047,U050,06.08.2022,click,160.52
E00048,U002,07.08.2022,view,342.99
E00049,U054,07.08.2022,click,76.5
E00050,U106,07.08.2022,login,59.36
E00051,U260,07.08.2022,click,1.63
E00052,U191,07.08.2022,purchase,262.78
E00053,U218,07.08.2022,purchase,242.15
E00054,U044,07.08.2022,view,16.55
E00055,U162,07.08.2022,purchase,129.01
E00056,U202,08.08.2022,purchase,93.54
E00057,U270,08.08.2022,click,
E00058,U271,08.08.2022,purchase,591.13
E00059,U215,08.08.2022,click,36.25
E00060,U252,08.08.2022,view,10.44
E00061,U190,08.08.2022,purchase,
E00062,U296,08.08.2022,purchase,201.41
E00063,U213,08.08.2022,click,4.95
E00064,U208,09.08.2022,click,161.26
E00065,U237,09.08.2022,view,
E00066,U053,09.08.2022,click,16.35
E00067,U280,09.08.2022,click,28.41
E00068,U217,09.08.2022,click,125.89
E00069,U252,09.08.2022,login,52.72
E00070,U188,09.08.2022,view,417.86
E00071,U041,09.08.2022,click,256.17
E00072,U157,10.08.2022,click,616.27
E00073,U015,10.08.2022,click,45.1
E00074,U065,10.08.2022,view,
E00075,U009,10.08.2022,purchase,84.64
E00076,U129,10.08.2022,click,64.05
E00077,U136,10.08.2022,click,7.75
E00078,U063,10.08.2022,click,8.13
E00079,U139,10.08.2022,purchase,176.65
E00080,U081,11.08.2022,view,91.85
E00081,U163,11.08.2022,click,
E00082,U289,11.08.2022,click,142.78
E00083,U261,11.08.2022,click,43.73
E00084,U231,11.08.2022,login,129.28
E00085,U041,11.08.2022,click,66.76
E00086,U028,11.08.2022,view,260.21
E00087,U135,11.08.2022,purchase,257.8
E00088,U201,12.08.2022,click,97.33
E00089,U268,12.08.2022,click,64.81
E00090,U033,12.08.2022,click,67.54
E00091,U048,12.08.2022,purchase,245.76
E00092,U062,12.08.2022,view,59.66
E00093,U216,12.08.2022,purchase,35.18
E00094,U293,12.08.2022,purchase,13.27
E00095,U099,12.08.2022,click,94.3
E00096,U172,13.08.2022,login,98.71
E00097,U214,13.08.2022,view,275.74
E00098,U035,13.08.2022,click,37.51
E00099,U227,13.08.2022,login,
E00100,U101,13.08.2022,purchase,
E00101,U131,13.08.2022,purchase,
E00102,U257,13.08.2022,view,72.83
E00103,U005,13.08.2022,view,92.18
E00104,U218,14.08.2022,purchase,54.21
E00105,U255,14.08.2022,click,404.47
E00106,U283,14.08.2022,click,18.94
E00107,U207,14.08.2022,login,407.15
E00108,U015,14.08.2022,click,172.74
E00109,U042,14.08.2022,click,113.76
E00110,U179,14.08.2022,click,4.98
E00111,U063,14.08.2022,click,
E00112,U231,15.08.2022,purchase,78.57
E00113,U241,15.08.2022,login,
E00114,U052,15.08.2022,click,160.25
E00115,U096,15.08.2022,click,531.85
E00116,U222,15.08.2022,click,123.9
E00117,U231,15.08.2022,view,188.16
E00118,U237,15.08.2022,purchase,10.64
E00119,U143,15.08.2022,click,81.11
E00120,U171,16.08.2022,view,18.56
E00121,U029,16.08.2022,view,142.32
E00122,U036,16.08.2022,view,418.26
E00123,U013,16.08.2022,login,162.61
E00124,U160,16.08.2022,click,11.99
E00125,U187,16.08.2022,view,
E00126,U243,16.08.2022,click,120.0
E00127,U086,16.08.2022,view,77.43
E00128,U284,17.08.2022,view,269.04
E00129,U066,17.08.2022,view,
E00130,U170,17.08.2022,purchase,141.95
E00131,U045,17.08.2022,click,70.13
E00132,U062,17.08.2022,purchase,44.22
E00133,U134,17.08.2022,login,16.79
E00134,U284,17.08.2022,login,65.75
E00135,U028,17.08.2022,click,79.95
E00136,U108,18.08.2022,click,168.97
E00137,U044,18.08.2022,click,161.01
E00138,U286,18.08.2022,view,10.9
E00139,U128,18.08.2022,view,
E00140,U231,18.08.2022,click,30.09
E00141,U190,18.08.2022,purchase,25.58
E00142,U225,18.08.2022,view,263.43
E00143,U283,18.08.2022,view,6.42
E00144,U121,19.08.2022,purchase,81.5
E00145,U116,19.08.2022,purchase,27.63
E00146,U233,19.08.2022,purchase,317.2
E00147,U259,19.08.2022,click,122.14
E00148,U198,19.08.2022,purchase,39.47
E00149,U137,19.08.2022,purchase,104.7
E00150,U165,19.08.2022,view,197.23
E00151,U225,19.08.2022,purchase,475.93
E00152,U234,20.08.2022,view,37.35
E00153,U172,20.08.2022,click,325.97
E00154,U152,20.08.2022,click,408.41
E00155,U160,20.08.2022,click,372.29
E00156,U096,20.08.2022,click,
E00157,U233,20.08.2022,view,149.07
E00158,U180,20.08.2022,login,77.43
E00159,U113,20.08.2022,click,209.39
E00160,U052,21.08.2022,click,113.67
E00161,U268,21.08.2022,view,169.72
E00162,U295,21.08.2022,click,83.91
E00163,U113,21.08.2022,purchase,197.23
E00164,U101,21.08.2022,view,260.99
E00165,U113,21.08.2022,purchase,23.75
E00166,U081,21.08.2022,click,268.4
E00167,U187,21.08.2022,click,116.58
E00168,U113,22.08.2022,view,279.33
E00169,U002,22.08.2022,purchase,84.66
E00170,U130,22.08.2022,click,71.47
E00171,U220,22.08.2022,view,
E00172,U054,22.08.2022,click,43.39
E00173,U224,22.08.2022,view,278.89
E00174,U225,22.08.2022,click,99.25
E00175,U126,22.08.2022,login,
E00176,U130,23.08.2022,click,55.33
E00177,U053,23.08.2022,click,127.66
E00178,U172,23.08.2022,click,59.0
E00179,U218,23.08.2022,click,6.01
E00180,U160,23.08.2022,view,47.62
E00181,U198,23.08.2022,login,0.96
E00182,U247,23.08.2022,click,574.95
E00183,U203,23.08.2022,click,506.1
E00184,U184,24.08.2022,view,75.42
E00185,U123,24.08.2022,view,195.5
E00186,U255,24.08.2022,purchase,63.65
E00187,U294,24.08.2022,click,166.8
E00188,U280,24.08.2022,click,245.54
E00189,U098,24.08.2022,purchase,439.93
E00190,U198,24.08.2022,click,76.68
E00191,U240,24.08.2022,purchase,229.38
E00192,U144,25.08.2022,click,46.37
E00193,U097,25.08.2022,view,695.84
E00194,U201,25.08.2022,click,3.92
E00195,U124,25.08.2022,purchase,138.77
E00196,U187,25.08.2022,click,161.6
E00197,U259,25.08.2022,purchase,174.73
E00198,U148,25.08.2022,click,19.24
E00199,U252,25.08.2022,purchase,418.38
E00200,U147,26.08.2022,purchase,29.98
E00201,U148,26.08.2022,purchase,146.23
E00202,U199,26.08.2022,purchase,37.78
E00203,U128,26.08.2022,purchase,
E00204,U039,26.08.2022,view,118.6
E00205,U129,26.08.2022,click,80.98
E00206,U267,26.08.2022,view,26.19
E00207,U151,26.08.2022,click,28.12
E00208,U298,27.08.2022,click,81.23
E00209,U099,27.08.2022,click,212.38
E00210,U263,27.08.2022,click,
E00211,U252,27.08.2022,view,13.18
E00212,U144,27.08.2022,view,74.91
E00213,U112,27.08.2022,view,15.85
E00214,U060,27.08.2022,purchase,2.51
E00215,U002,27.08.2022,click,162.58
E00216,U254,28.08.2022,click,138.36
E00217,U140,28.08.2022,click,26.69
E00218,U037,28.08.2022,click,39.95
E00219,U160,28.08.2022,click,3.6
E00220,U009,28.08.2022,click,270.22
E00221,U233,28.08.2022,purchase,551.49
E00222,U099,28.08.2022,view,21.83
E00223,U147,28.08.2022,login,39.49
E00224,U208,29.08.2022,login,304.21
E00225,U131,29.08.2022,purchase,391.5
E00226,U152,29.08.2022,click,81.61
E00227,U054,29.08.2022,purchase,7.79
E00228,U120,29.08.2022,view,6.03
E00229,U161,29.08.2022,click,127.98
E00230,U116,29.08.2022,click,74.86
E00231,U075,29.08.2022,view,4.36
E00232,U113,30.08.2022,click,131.29
E00233,U104,30.08.2022,purchase,
E00234,U254,30.08.2022,purchase,232.23
E00235,U227,30.08.2022,click,
E00236,U112,30.08.2022,click,6.16
E00237,U099,30.08.2022,click,
E00238,U153,30.08.2022,click,76.05
E00239,U194,30.08.2022,click,546.3
E00240,U163,31.08.2022,view,117.85
E00241,U208,31.08.2022,click,48.29
E00242,U169,31.08.2022,purchase,185.39
E00243,U161,31.08.2022,click,47.51
E00244,U068,31.08.2022,login,351.89
E00245,U289,31.08.2022,click,70.43
E00246,U277,31.08.2022,click,119.73
E00247,U135,31.08.2022,view,7.78
E00248,U195,01.09.2022,view,83.3
E00249,U128,01.09.2022,click,267.89
E00250,U033,01.09.2022,view,245.71
E00251,U176,01.09.2022,click,38.1
E00252,U022,01.09.2022,click,
E00253,U238,01.09.2022,click,254.99
E00254,U158,01.09.2022,click,
E00255,U038,01.09.2022,view,15.03
E00256,U230,02.09.2022,click,89.69
E00257,U051,02.09.2022,click,61.75
E00258,U264,02.09.2022,view,306.83
E00259,U283,02.09.2022,view,
E00260,U027,02.09.2022,click,35.57
E00261,U226,02.09.2022,purchase,209.43
E00262,U277,02.09.2022,click,7.9
E00263,U286,02.09.2022,view,101.75
E00264,U097,03.09.2022,purchase,87.54
E00265,U284,03.09.2022,login,61.06
E00266,U147,03.09.2022,click,75.27
E00267,U004,03.09.2022,click,113.23
E00268,U035,03.09.2022,click,26.4
E00269,U192,03.09.2022,click,
E00270,U049,03.09.2022,click,245.55
E00271,U017,03.09.2022,login,214.17
E00272,U172,04.09.2022,click,25.07
E00273,U220,04.09.2022,click,24.25
E00274,U158,04.09.2022,view,46.83
E00275,U046,04.09.2022,click,67.2
E00276,U006,04.09.2022,view,78.75
E00277,U099,04.09.2022,click,170.77
E00278,U233,04.09.2022,click,8.75
E00279,U037,04.09.2022,click,5.29
E00280,U280,05.09.2022,click,74.61
E00281,U181,05.09.2022,login,179.18
E00282,U095,05.09.2022,click,32.25
E00283,U099,05.09.2022,purchase,153.88
E00284,U188,05.09.2022,click,45.13
E00285,U116,05.09.2022,click,
E00286,U191,05.09.2022,view,339.06
E00287,U253,05.09.2022,click,52.92
E00288,U161,06.09.2022,purchase,39.2
E00289,U256,06.09.2022,login,79.48
E00290,U128,06.09.2022,purchase,41.27
E00291,U018,06.09.2022,login,167.39
E00292,U281,06.09.2022,click,262.36
E00293,U223,06.09.2022,click,167.71
E00294,U054,06.09.2022,click,260.89
E00295,U058,06.09.2022,view,75.87
E00296,U174,07.09.2022,login,25.5
E00297,U280,07.09.2022,click,200.88
E00298,U114,07.09.2022,purchase,67.05
E00299,U288,07.09.2022,click,166.88
E00300,U151,07.09.2022,purchase,47.34
E00301,U127,07.09.2022,click,12.71
E00302,U155,07.09.2022,login,735.57
E00303,U273,07.09.2022,purchase,25.48
E00304,U104,08.09.2022,click,668.78
E00305,U299,08.09.2022,click,567.68
E00306,U246,08.09.2022,click,236.85
E00307,U176,08.09.2022,click,161.57
E00308,U039,08.09.2022,click,129.34
E00309,U170,08.09.2022,view,301.6
E00310,U247,08.09.2022,purchase,
E00311,U026,08.09.2022,purchase,94.58
E00312,U013,09.09.2022,click,
E00313,U036,09.09.2022,view,79.45
E00314,U173,09.09.2022,view,83.66
E00315,U020,09.09.2022,click,60.14
E00316,U264,09.09.2022,view,124.6
E00317,U142,09.09.2022,purchase,285.14
E00318,U143,09.09.2022,click,33.76
E00319,U092,09.09.2022,click,
E00320,U288,10.09.2022,click,175.24
E00321,U215,10.09.2022,click,259.97
E00322,U051,10.09.2022,login,121.85
E00323,U153,10.09.2022,view,226.79
E00324,U186,10.09.2022,purchase,2.45
E00325,U063,10.09.2022,click,255.88
E00326,U190,10.09.2022,click,6.14
E00327,U125,10.09.2022,purchase,330.97
E00328,U150,11.09.2022,purchase,723.55
E00329,U058,11.09.2022,click,52.24
E00330,U180,11.09.2022,purchase,35.42
E00331,U170,11.09.2022,view,217.46
E00332,U271,11.09.2022,click,43.76
E00333,U054,11.09.2022,click,301.0
E00334,U101,11.09.2022,view,
E00335,U264,11.09.2022,click,20.19
E00336,U053,12.09.2022,click,580.57
E00337,U060,12.09.2022,click,168.05
E00338,U108,12.09.2022,click,281.49
E00339,U005,12.09.2022,view,58.81
E00340,U103,12.09.2022,purchase,169.28
E00341,U196,12.09.2022,click,135.3
E00342,U262,12.09.2022,view,138.63
E00343,U047,12.09.2022,view,172.11
E00344,U144,13.09.2022,view,128.48
E00345,U269,13.09.2022,click,84.07
E00346,U124,13.09.2022,click,48.43
E00347,U106,13.09.2022,login,219.53
E00348,U158,13.09.2022,view,38.48
E00349,U147,13.09.2022,click,176.82
E00350,U145,13.09.2022,click,39.86
E00351,U120,13.09.2022,click,
E00352,U275,14.09.2022,login,206.2
E00353,U092,14.09.2022,purchase,37.02
E00354,U058,14.09.2022,click,9.27
E00355,U229,14.09.2022,click,21.06
E00356,U117,14.09.2022,purchase,139.71
E00357,U279,14.09.2022,view,284.02
E00358,U127,14.09.2022,click,6.91
E00359,U129,14.09.2022,view,198.72
E00360,U058,15.09.2022,login,62.63
E00361,U122,15.09.2022,click,
E00362,U001,15.09.2022,purchase,396.46
E00363,U239,15.09.2022,click,60.51
E00364,U290,15.09.2022,view,93.92
E00365,U096,15.09.2022,purchase,2.07
E00366,U126,15.09.2022,purchase,12.77
E00367,U118,15.09.2022,view,44.88
E00368,U048,16.09.2022,click,4.24
E00369,U089,16.09.2022,login,149.7
E00370,U237,16.09.2022,purchase,83.37
E00371,U272,16.09.2022,click,119.16
E00372,U189,16.09.2022,purchase,28.79
E00373,U192,16.09.2022,view,52.63
E00374,U069,16.09.2022,click,163.52
E00375,U278,16.09.2022,view,504.16
E00376,U247,17.09.2022,login,7.76
E00377,U076,17.09.2022,click,331.62
E00378,U154,17.09.2022,login,129.02
E00379,U144,17.09.2022,click,124.49
E00380,U086,17.09.2022,click,104.06
E00381,U185,17.09.2022,click,10.79
E00382,U285,17.09.2022,view,14.13
E00383,U220,17.09.2022,purchase,
E00384,U069,18.09.2022,click,62.55
E00385,U047,18.09.2022,click,
E00386,U094,18.09.2022,purchase,78.28
E00387,U238,18.09.2022,click,23.2
E00388,U204,18.09.2022,view,188.14
E00389,U218,18.09.2022,view,
E00390,U039,18.09.2022,purchase,111.81
E00391,U100,18.09.2022,login,179.52
E00392,U289,19.09.2022,click,345.78
E00393,U254,19.09.2022,login,235.67
E00394,U222,19.09.2022,purchase,169.22
E00395,U023,19.09.2022,purchase,170.74
E00396,U250,19.09.2022,click,
E00397,U010,19.09.2022,view,52.61
E00398,U246,19.09.2022,click,0.17
E00399,U100,19.09.2022,click,47.61
E00400,U290,20.09.2022,click,36.86
E00401,U180,20.09.2022,purchase,162.63
E00402,U223,20.09.2022,purchase,150.65
E00403,U250,20.09.2022,view,135.01
E00404,U147,20.09.2022,view,2.46
E00405,U096,20.09.2022,click,195.72
E00406,U257,20.09.2022,view,58.63
E00407,U004,20.09.2022,click,164.07
E00408,U016,21.09.2022,view,121.99
E00409,U280,21.09.2022,view,62.95
E00410,U247,21.09.2022,purchase,21.68
E00411,U258,21.09.2022,view,14.88
E00412,U160,21.09.2022,click,267.14
E00413,U152,21.09.2022,click,375.88
E00414,U178,21.09.2022,view,157.38
E00415,U163,21.09.2022,click,16.38
E00416,U033,22.09.2022,click,77.13
E00417,U179,22.09.2022,click,195.81
E00418,U101,22.09.2022,view,227.0
E00419,U268,22.09.2022,click,18.87
E00420,U065,22.09.2022,click,0.0
E00421,U168,22.09.2022,view,186.79
E00422,U043,22.09.2022,view,66.15
E00423,U044,22.09.2022,click,44.05
E00424,U285,23.09.2022,click,1.95
E00425,U012,23.09.2022,click,116.58
E00426,U095,23.09.2022,click,285.72
E00427,U253,23.09.2022,click,474.2
E00428,U242,23.09.2022,view,125.12
E00429,U035,23.09.2022,purchase,
E00430,U215,23.09.2022,purchase,13.33
E00431,U090,23.09.2022,click,119.4
E00432,U264,24.09.2022,view,71.7
E00433,U093,24.09.2022,click,
E00434,U090,24.09.2022,login,73.83
E00435,U115,24.09.2022,purchase,41.22
E00436,U105,24.09.2022,click,14.97
E00437,U196,24.09.2022,purchase,56.73
E00438,U114,24.09.2022,click,15.25
E00439,U075,24.09.2022,purchase,29.2
E00440,U217,25.09.2022,click,655.35
E00441,U277,25.09.2022,click,88.08
E00442,U249,25.09.2022,view,113.85
E00443,U164,25.09.2022,click,310.27
E00444,U192,25.09.2022,view,812.87
E00445,U227,25.09.2022,click,131.1
E00446,U177,25.09.2022,purchase,251.08
E00447,U099,25.09.2022,purchase,59.39
E00448,U036,26.09.2022,purchase,54.74
E00449,U096,26.09.2022,click,77.3
E00450,U152,26.09.2022,click,167.44
E00451,U151,26.09.2022,click,171.95
E00452,U190,26.09.2022,click,56.8
E00453,U224,26.09.2022,purchase,21.44
E00454,U037,26.09.2022,login,150.11
E00455,U268,26.09.2022,view,20.6
E00456,U183,27.09.2022,view,129.59
E00457,U013,27.09.2022,view,177.34
E00458,U279,27.09.2022,purchase,180.9
E00459,U217,27.09.2022,click,210.04
E00460,U286,27.09.2022,login,
E00461,U273,27.09.2022,purchase,
E00462,U062,27.09.2022,purchase,196.54
E00463,U084,27.09.2022,click,144.81
E00464,U217,28.09.2022,click,30.99
E00465,U187,28.09.2022,click,3.9
E00466,U019,28.09.2022,view,50.22
E00467,U177,28.09.2022,purchase,87.79
E00468,U100,28.09.2022,click,144.0
E00469,U233,28.09.2022,login,284.53
E00470,U076,28.09.2022,click,
E00471,U265,28.09.2022,click,20.12
E00472,U284,29.09.2022,click,496.48
E00473,U206,29.09.2022,view,
E00474,U223,29.09.2022,login,97.65
E00475,U052,29.09.2022,click,132.13
E00476,U144,29.09.2022,view,116.93
E00477,U069,29.09.2022,click,13.49
E00478,U099,29.09.2022,login,
E00479,U025,29.09.2022,view,16.72
E00480,U053,30.09.2022,view,132.13
E00481,U151,30.09.2022,click,117.9
E00482,U144,30.09.2022,login,39.94
E00483,U057,30.09.2022,view,152.32
E00484,U039,30.09.2022,click,257.28
E00485,U109,30.09.2022,view,6.37
E00486,U181,30.09.2022,click,103.41
E00487,U042,30.09.2022,view,175.34
E00488,U186,01.10.2022,click,43.62
E00489,U223,01.10.2022,view,55.18
E00490,U122,01.10.2022,purchase,142.65
E00491,U133,01.10.2022,click,342.32
E00492,U163,01.10.2022,click,249.05
E00493,U215,01.10.2022,click,131.25
E00494,U221,01.10.2022,click,
E00495,U235,01.10.2022,click,68.08
E00496,U146,02.10.2022,purchase,153.65
E00497,U239,02.10.2022,click,94.15
E00498,U076,02.10.2022,click,31.6
E00499,U009,02.10.2022,view,181.47
E00500,U074,02.10.2022,click,121.95
E00501,U253,02.10.2022,login,66.62
E00502,U230,02.10.2022,view,363.44
E00503,U007,02.10.2022,purchase,3.17
E00504,U174,03.10.2022,purchase,56.92
E00505,U141,03.10.2022,view,
E00506,U168,03.10.2022,click,218.2
E00507,U170,03.10.2022,click,181.65
E00508,U283,03.10.2022,click,60.37
E00509,U122,03.10.2022,view,168.9
E00510,U194,03.10.2022,click,75.61
E00511,U005,03.10.2022,purchase,211.74
E00512,U029,04.10.2022,login,90.82
E00513,U165,04.10.2022,view,
E00514,U136,04.10.2022,purchase,
E00515,U145,04.10.2022,click,43.33
E00516,U217,04.10.2022,view,19.25
E00517,U132,04.10.2022,purchase,131.76
E00518,U292,04.10.2022,click,522.63
E00519,U070,04.10.2022,click,
E00520,U252,05.10.2022,login,9.61
E00521,U275,05.10.2022,purchase,62.17
E00522,U182,05.10.2022,view,105.76
E00523,U167,05.10.2022,view,26.5
E00524,U091,05.10.2022,purchase,160.99
E00525,U202,05.10.2022,purchase,914.48
E00526,U019,05.10.2022,click,90.15
E00527,U039,05.10.2022,click,65.71
E00528,U126,06.10.2022,click,76.8
E00529,U173,06.10.2022,view,18.35
E00530,U141,06.10.2022,purchase,322.19
E00531,U242,06.10.2022,view,80.38
E00532,U220,06.10.2022,click,73.48
E00533,U126,06.10.2022,purchase,161.68
E00534,U058,06.10.2022,purchase,87.52
E00535,U148,06.10.2022,purchase,156.72
E00536,U001,07.10.2022,view,9.51
E00537,U190,07.10.2022,click,252.08
E00538,U191,07.10.2022,purchase,423.28
E00539,U117,07.10.2022,click,156.95
E00540,U134,07.10.2022,click,
E00541,U058,07.10.2022,click,
E00542,U044,07.10.2022,purchase,97.35
E00543,U173,07.10.2022,login,138.12
E00544,U160,08.10.2022,purchase,130.75
E00545,U173,08.10.2022,view,76.99
E00546,U149,08.10.2022,purchase,61.89
E00547,U080,08.10.2022,purchase,20.34
E00548,U213,08.10.2022,click,74.57
E00549,U203,08.10.2022,click,26.63
E00550,U252,08.10.2022,click,198.85
E00551,U229,08.10.2022,click,35.14
E00552,U164,09.10.2022,click,9.05
E00553,U227,09.10.2022,click,120.57
E00554,U147,09.10.2022,click,135.67
E00555,U020,09.10.2022,login,308.26
E00556,U047,09.10.2022,click,
E00557,U233,09.10.2022,click,63.58
E00558,U014,09.10.2022,click,243.69
E00559,U143,09.10.2022,purchase,116.57
E00560,U001,10.10.2022,click,
E00561,U054,10.10.2022,click,125.15
E00562,U259,10.10.2022,purchase,357.93
E00563,U144,10.10.2022,click,75.7
E00564,U012,10.10.2022,click,52.72
E00565,U224,10.10.2022,click,23.23
E00566,U272,10.10.2022,click,24.63
E00567,U156,10.10.2022,click,85.05
E00568,U008,11.10.2022,click,135.83
E00569,U122,11.10.2022,view,
E00570,U164,11.10.2022,purchase,420.94
E00571,U090,11.10.2022,purchase,211.06
E00572,U136,11.10.2022,click,132.51
E00573,U186,11.10.2022,login,264.42
E00574,U178,11.10.2022,click,12.54
E00575,U028,11.10.2022,click,
E00576,U220,12.10.2022,purchase,149.18
E00577,U041,12.10.2022,click,264.61
E00578,U228,12.10.2022,click,
E00579,U192,12.10.2022,purchase,
E00580,U145,12.10.2022,view,424.23
E00581,U201,12.10.2022,click,19.92
E00582,U212,12.10.2022,view,312.08
E00583,U220,12.10.2022,login,530.76
E00584,U240,13.10.2022,click,29.25
E00585,U046,13.10.2022,click,192.06
E00586,U035,13.10.2022,click,6.17
E00587,U253,13.10.2022,click,77.99
E00588,U082,13.10.2022,click,108.94
E00589,U256,13.10.2022,login,130.36
E00590,U197,13.10.2022,view,412.18
E00591,U010,13.10.2022,purchase,167.33
E00592,U286,14.10.2022,click,98.46
E00593,U242,14.10.2022,view,248.85
E00594,U251,14.10.2022,login,450.97
E00595,U005,14.10.2022,view,3.35
E00596,U119,14.10.2022,click,607.02
E00597,U289,14.10.2022,purchase,13.51
E00598,U065,14.10.2022,click,252.61
E00599,U146,14.10.2022,click,49.35
E00600,U224,15.10.2022,click,21.27
E00601,U239,15.10.2022,purchase,
E00602,U177,15.10.2022,purchase,154.91
E00603,U267,15.10.2022,click,71.94
E00604,U282,15.10.2022,click,8.42
E00605,U063,15.10.2022,click,137.24
E00606,U217,15.10.2022,click,349.04
E00607,U283,15.10.2022,click,72.49
E00608,U177,16.10.2022,click,36.57
E00609,U098,16.10.2022,view,87.66
E00610,U105,16.10.2022,click,7.44
E00611,U099,16.10.2022,click,257.63
E00612,U006,16.10.2022,click,262.6
E00613,U197,16.10.2022,login,133.01
E00614,U133,16.10.2022,purchase,65.34
E00615,U259,16.10.2022,purchase,241.25
E00616,U023,17.10.2022,click,121.35
E00617,U053,17.10.2022,purchase,262.25
E00618,U165,17.10.2022,click,149.73
E00619,U202,17.10.2022,purchase,230.15
E00620,U083,17.10.2022,login,136.91
E00621,U145,17.10.2022,purchase,80.2
E00622,U085,17.10.2022,view,475.32
E00623,U078,17.10.2022,view,116.84
E00624,U001,18.10.2022,click,139.36
E00625,U051,18.10.2022,login,
E00626,U173,18.10.2022,click,147.38
E00627,U205,18.10.2022,purchase,127.16
E00628,U260,18.10.2022,click,30.66
E00629,U288,18.10.2022,click,9.22
E00630,U034,18.10.2022,click,139.09
E00631,U095,18.10.2022,click,
E00632,U072,19.10.2022,click,111.16
E00633,U039,19.10.2022,purchase,38.58
E00634,U154,19.10.2022,click,164.73
E00635,U250,19.10.2022,click,12.52
E00636,U162,19.10.2022,purchase,87.46
E00637,U118,19.10.2022,click,26.76
E00638,U259,19.10.2022,view,30.59
E00639,U268,19.10.2022,purchase,33.9
E00640,U054,20.10.2022,view,73.34
E00641,U236,20.10.2022,purchase,7.88
E00642,U222,20.10.2022,click,
E00643,U251,20.10.2022,purchase,107.53
E00644,U112,20.10.2022,click,99.04
E00645,U255,20.10.2022,click,72.38
E00646,U207,20.10.2022,view,274.09
E00647,U229,20.10.2022,click,23.56
E00648,U066,21.10.2022,view,
E00649,U075,21.10.2022,view,9.61
E00650,U103,21.10.2022,view,11.07
E00651,U192,21.10.2022,login,127.95
E00652,U252,21.10.2022,click,125.21
E00653,U226,21.10.2022,click,315.6
E00654,U294,21.10.2022,purchase,122.42
E00655,U098,21.10.2022,click,482.05
E00656,U286,22.10.2022,purchase,7.49
E00657,U249,22.10.2022,view,15.47
E00658,U166,22.10.2022,purchase,6.76
E00659,U030,22.10.2022,click,30.74
E00660,U247,22.10.2022,click,116.89
E00661,U106,22.10.2022,click,155.59
E00662,U051,22.10.2022,click,7.0
E00663,U081,22.10.2022,view,437.73
E00664,U133,23.10.2022,click,276.93
E00665,U285,23.10.2022,click,52.78
E00666,U138,23.10.2022,click,12.05
E00667,U184,23.10.2022,purchase,27.93
E00668,U273,23.10.2022,purchase,20.36
E00669,U069,23.10.2022,click,19.74
E00670,U034,23.10.2022,click,
E00671,U262,23.10.2022,click,42.32
E00672,U053,24.10.2022,click,66.51
E00673,U205,24.10.2022,purchase,683.53
E00674,U126,24.10.2022,purchase,
E00675,U235,24.10.2022,click,446.33
E00676,U043,24.10.2022,click,23.07
E00677,U240,24.10.2022,login,72.22
E00678,U111,24.10.2022,click,121.36
E00679,U249,24.10.2022,purchase,11.98
E00680,U151,25.10.2022,click,0.63
E00681,U183,25.10.2022,click,
E00682,U095,25.10.2022,click,
E00683,U008,25.10.2022,purchase,79.35
E00684,U184,25.10.2022,login,100.9
E00685,U281,25.10.2022,click,80.54
E00686,U195,25.10.2022,click,3.64
E00687,U195,25.10.2022,click,61.28
E00688,U155,26.10.2022,click,29.23
E00689,U093,26.10.2022,click,15.54
E00690,U160,26.10.2022,click,471.01
E00691,U061,26.10.2022,view,137.2
E00692,U122,26.10.2022,click,195.66
E00693,U051,26.10.2022,click,56.83
E00694,U277,26.10.2022,login,74.92
E00695,U005,26.10.2022,click,40.56
E00696,U092,27.10.2022,login,
E00697,U170,27.10.2022,click,29.59
E00698,U022,27.10.2022,view,239.56
E00699,U001,27.10.2022,purchase,169.77
E00700,U133,27.10.2022,view,118.76
E00701,U233,27.10.2022,login,96.68
E00702,U012,27.10.2022,click,383.49
E00703,U046,27.10.2022,login,11.33
E00704,U034,28.10.2022,click,49.4
E00705,U078,28.10.2022,click,64.6
E00706,U218,28.10.2022,click,228.78
E00707,U073,28.10.2022,purchase,
E00708,U282,28.10.2022,click,41.3
E00709,U249,28.10.2022,purchase,311.09
E00710,U047,28.10.2022,purchase,266.34
E00711,U121,28.10.2022,view,38.17
E00712,U214,29.10.2022,view,76.46
E00713,U239,29.10.2022,click,79.06
E00714,U056,29.10.2022,click,574.02
E00715,U107,29.10.2022,click,29.93
E00716,U048,29.10.2022,click,240.79
E00717,U061,29.10.2022,click,61.01
E00718,U026,29.10.2022,click,196.88
E00719,U292,29.10.2022,click,
E00720,U257,30.10.2022,login,129.54
E00721,U008,30.10.2022,purchase,268.12
E00722,U113,30.10.2022,click,244.57
E00723,U253,30.10.2022,purchase,301.96
E00724,U180,30.10.2022,click,9.22
E00725,U207,30.10.2022,click,176.67
E00726,U127,30.10.2022,purchase,22.62
E00727,U056,30.10.2022,click,80.63
E00728,U214,31.10.2022,click,119.31
E00729,U014,31.10.2022,login,77.31
E00730,U028,31.10.2022,view,109.97
E00731,U078,31.10.2022,purchase,849.38
E00732,U216,31.10.2022,purchase,21.79
E00733,U154,31.10.2022,purchase,168.8
E00734,U014,31.10.2022,click,75.63
E00735,U187,31.10.2022,click,21.41
E00736,U007,01.11.2022,click,25.93
E00737,U003,01.11.2022,click,447.19
E00738,U111,01.11.2022,purchase,317.54
E00739,U238,01.11.2022,click,356.34
E00740,U239,01.11.2022,login,715.73
E00741,U274,01.11.2022,login,35.04
E00742,U294,01.11.2022,view,
E00743,U227,01.11.2022,purchase,165.94
E00744,U015,02.11.2022,view,99.19
E00745,U192,02.11.2022,click,81.29
E00746,U119,02.11.2022,view,66.43
E00747,U028,02.11.2022,click,135.13
E00748,U202,02.11.2022,view,128.56
E00749,U039,02.11.2022,click,26.41
E00750,U273,02.11.2022,view,95.72
E00751,U231,02.11.2022,login,120.94
E00752,U086,03.11.2022,click,126.7
E00753,U126,03.11.2022,click,
E00754,U025,03.11.2022,login,
E00755,U145,03.11.2022,click,3.83
E00756,U013,03.11.2022,view,65.74
E00757,U212,03.11.2022,purchase,227.26
E00758,U025,03.11.2022,click,124.48
E00759,U068,03.11.2022,click,45.4
E00760,U067,04.11.2022,click,178.09
E00761,U233,04.11.2022,view,125.69
E00762,U109,04.11.2022,click,238.62
E00763,U146,04.11.2022,purchase,199.22
E00764,U111,04.11.2022,click,141.28
E00765,U228,04.11.2022,purchase,100.47
E00766,U111,04.11.2022,view,21.44
E00767,U034,04.11.2022,login,
E00768,U111,05.11.2022,click,81.48
E00769,U264,05.11.2022,view,137.18
E00770,U236,05.11.2022,view,108.14
E00771,U083,05.11.2022,purchase,50.99
E00772,U042,05.11.2022,login,0.97
E00773,U101,05.11.2022,click,102.85
E00774,U006,05.11.2022,click,50.45
E00775,U180,05.11.2022,view,198.98
E00776,U282,06.11.2022,click,3.64
E00777,U226,06.11.2022,view,131.86
E00778,U229,06.11.2022,view,425.74
E00779,U289,06.11.2022,click,28.75
E00780,U150,06.11.2022,view,95.7
E00781,U277,06.11.2022,click,14.38
E00782,U198,06.11.2022,purchase,147.4
E00783,U070,06.11.2022,purchase,119.95
E00784,U112,07.11.2022,login,
E00785,U004,07.11.2022,click,110.53
E00786,U095,07.11.2022,click,340.34
E00787,U152,07.11.2022,purchase,32.78
E00788,U137,07.11.2022,view,3.42
E00789,U247,07.11.2022,purchase,296.71
E00790,U243,07.11.2022,click,129.1
E00791,U031,07.11.2022,click,331.99
E00792,U040,08.11.2022,click,136.3
E00793,U229,08.11.2022,view,249.24
E00794,U036,08.11.2022,click,84.23
E00795,U223,08.11.2022,click,207.86
E00796,U006,08.11.2022,login,366.35
E00797,U220,08.11.2022,click,127.34
E00798,U075,08.11.2022,login,29.91
E00799,U004,08.11.2022,purchase,46.96
E00800,U134,09.11.2022,view,33.22
E00801,U118,09.11.2022,click,42.53
E00802,U094,09.11.2022,click,54.88
E00803,U062,09.11.2022,view,121.5
E00804,U194,09.11.2022,view,133.01
E00805,U203,09.11.2022,view,83.4
E00806,U026,09.11.2022,click,143.34
E00807,U173,09.11.2022,view,12.76
E00808,U133,10.11.2022,view,
E00809,U118,10.11.2022,purchase,28.28
E00810,U275,10.11.2022,view,109.5
E00811,U212,10.11.2022,view,
E00812,U225,10.11.2022,purchase,
E00813,U020,10.11.2022,click,76.7
E00814,U113,10.11.2022,click,250.59
E00815,U140,10.11.2022,click,2.09
E00816,U047,11.11.2022,click,157.21
E00817,U001,11.11.2022,click,165.79
E00818,U090,11.11.2022,click,240.41
E00819,U142,11.11.2022,click,404.91
E00820,U038,11.11.2022,click,3.05
E00821,U293,11.11.2022,view,
E00822,U139,11.11.2022,login,325.96
E00823,U259,11.11.2022,click,92.02
E00824,U161,12.11.2022,login,124.72
E00825,U178,12.11.2022,purchase,163.16
E00826,U010,12.11.2022,click,170.48
E00827,U261,12.11.2022,click,402.67
E00828,U138,12.11.2022,purchase,868.86
E00829,U172,12.11.2022,view,191.03
E00830,U013,12.11.2022,view,50.79
E00831,U168,12.11.2022,click,317.73
E00832,U130,13.11.2022,click,7.57
E00833,U084,13.11.2022,click,39.42
E00834,U101,13.11.2022,click,341.52
E00835,U273,13.11.2022,click,44.4
E00836,U265,13.11.2022,click,37.39
E00837,U038,13.11.2022,view,22.3
E00838,U094,13.11.2022,login,293.97
E00839,U095,13.11.2022,click,103.99
E00840,U069,14.11.2022,login,168.54
E00841,U236,14.11.2022,click,40.98
E00842,U137,14.11.2022,click,212.85
E00843,U076,14.11.2022,click,214.07
E00844,U035,14.11.2022,purchase,56.23
E00845,U001,14.11.2022,login,79.32
E00846,U296,14.11.2022,purchase,35.3
E00847,U060,14.11.2022,click,563.0
E00848,U267,15.11.2022,purchase,155.6
E00849,U229,15.11.2022,click,408.96
E00850,U270,15.11.2022,view,54.23
E00851,U286,15.11.2022,purchase,228.41
E00852,U291,15.11.2022,click,217.77
E00853,U213,15.11.2022,purchase,176.48
E00854,U165,15.11.2022,purchase,505.62
E00855,U005,15.11.2022,click,75.02
E00856,U078,16.11.2022,purchase,21.01
E00857,U062,16.11.2022,click,167.08
E00858,U132,16.11.2022,view,196.02
E00859,U089,16.11.2022,view,128.37
E00860,U237,16.11.2022,view,34.76
E00861,U042,16.11.2022,purchase,105.31
E00862,U089,16.11.2022,purchase,56.14
E00863,U296,16.11.2022,click,83.65
E00864,U295,17.11.2022,view,155.44
E00865,U104,17.11.2022,click,205.1
E00866,U014,17.11.2022,click,39.64
E00867,U288,17.11.2022,click,77.96
E00868,U179,17.11.2022,click,47.03
E00869,U125,17.11.2022,purchase,33.22
E00870,U023,17.11.2022,click,
E00871,U063,17.11.2022,view,359.95
E00872,U143,18.11.2022,click,69.36
E00873,U153,18.11.2022,click,
E00874,U145,18.11.2022,purchase,340.95
E00875,U225,18.11.2022,click,280.74
E00876,U104,18.11.2022,click,30.28
E00877,U104,18.11.2022,view,469.53
E00878,U039,18.11.2022,click,70.9
E00879,U198,18.11.2022,view,62.15
E00880,U134,19.11.2022,click,9.67
E00881,U067,19.11.2022,click,99.88
E00882,U179,19.11.2022,view,17.31
E00883,U042,19.11.2022,click,42.86
E00884,U015,19.11.2022,click,57.18
E00885,U111,19.11.2022,click,
E00886,U157,19.11.2022,click,
E00887,U289,19.11.2022,view,54.03
E00888,U231,20.11.2022,click,293.53
E00889,U157,20.11.2022,view,291.98
E00890,U038,20.11.2022,view,217.0
E00891,U097,20.11.2022,click,23.8
E00892,U289,20.11.2022,login,175.83
E00893,U254,20.11.2022,click,435.13
E00894,U196,20.11.2022,login,172.11
E00895,U086,20.11.2022,click,60.43
E00896,U010,21.11.2022,purchase,104.15
E00897,U005,21.11.2022,click,155.65
E00898,U123,21.11.2022,click,107.18
E00899,U118,21.11.2022,purchase,19.17
E00900,U294,21.11.2022,view,56.11
E00901,U159,21.11.2022,click,243.22
E00902,U228,21.11.2022,click,296.44
E00903,U216,21.11.2022,view,22.15
E00904,U184,22.11.2022,purchase,
E00905,U015,22.11.2022,login,59.81
E00906,U157,22.11.2022,view,162.85
E00907,U136,22.11.2022,login,209.04
E00908,U261,22.11.2022,view,250.65
E00909,U157,22.11.2022,click,
E00910,U047,22.11.2022,click,56.3
E00911,U173,22.11.2022,view,293.33
E00912,U130,23.11.2022,purchase,21.18
E00913,U095,23.11.2022,click,
E00914,U115,23.11.2022,click,203.21
E00915,U243,23.11.2022,login,169.85
E00916,U292,23.11.2022,purchase,43.62
E00917,U282,23.11.2022,click,309.59
E00918,U299,23.11.2022,click,27.74
E00919,U283,23.11.2022,click,8.27
E00920,U069,24.11.2022,click,
E00921,U148,24.11.2022,click,96.79
E00922,U011,24.11.2022,click,283.67
E00923,U254,24.11.2022,view,72.53
E00924,U038,24.11.2022,click,27.64
E00925,U134,24.11.2022,view,271.59
E00926,U200,24.11.2022,view,
E00927,U023,24.11.2022,click,31.46
E00928,U218,25.11.2022,purchase,
E00929,U141,25.11.2022,click,107.34
E00930,U104,25.11.2022,view,139.07
E00931,U210,25.11.2022,click,92.68
E00932,U111,25.11.2022,purchase,264.66
E00933,U104,25.11.2022,purchase,265.41
E00934,U171,25.11.2022,click,185.37
E00935,U133,25.11.2022,click,16.71
E00936,U293,26.11.2022,purchase,273.82
E00937,U127,26.11.2022,view,166.76
E00938,U106,26.11.2022,click,179.12
E00939,U092,26.11.2022,purchase,67.64
E00940,U287,26.11.2022,click,317.14
E00941,U051,26.11.2022,view,193.85
E00942,U029,26.11.2022,click,17.92
E00943,U296,26.11.2022,view,78.58
E00944,U297,27.11.2022,click,326.23
E00945,U214,27.11.2022,click,7.25
E00946,U267,27.11.2022,click,
E00947,U257,27.11.2022,click,170.52
E00948,U101,27.11.2022,purchase,149.7
E00949,U110,27.11.2022,click,47.32
E00950,U182,27.11.2022,view,42.91
E00951,U001,27.11.2022,click,427.25
E00952,U055,28.11.2022,click,53.13
E00953,U149,28.11.2022,click,
E00954,U137,28.11.2022,click,74.91
E00955,U202,28.11.2022,click,22.49
E00956,U117,28.11.2022,click,1.62
E00957,U154,28.11.2022,click,117.87
E00958,U291,28.11.2022,click,558.08
E00959,U063,28.11.2022,purchase,69.1
E00960,U244,29.11.2022,purchase,66.29
E00961,U025,29.11.2022,click,63.26
E00962,U090,29.11.2022,click,110.27
E00963,U075,29.11.2022,login,87.15
E00964,U294,29.11.2022,purchase,317.93
E00965,U210,29.11.2022,purchase,105.64
E00966,U017,29.11.2022,click,106.32
E00967,U128,29.11.2022,view,22.34
E00968,U251,30.11.2022,view,608.9
E00969,U179,30.11.2022,purchase,43.15
E00970,U182,30.11.2022,login,11.43
E00971,U152,30.11.2022,click,163.22
E00972,U025,30.11.2022,click,135.72
E00973,U180,30.11.2022,view,80.46
E00974,U198,30.11.2022,view,82.28
E00975,U161,30.11.2022,click,230.61
E00976,U177,01.12.2022,click,32.67
E00977,U285,01.12.2022,click,
E00978,U063,01.12.2022,click,156.94
E00979,U150,01.12.2022,view,81.44
E00980,U154,01.12.2022,purchase,91.88
E00981,U156,01.12.2022,click,44.49
E00982,U049,01.12.2022,click,209.22
E00983,U084,01.12.2022,click,107.89
E00984,U177,02.12.2022,click,
E00985,U148,02.12.2022,purchase,135.97
E00986,U118,02.12.2022,login,818.58
E00987,U063,02.12.2022,view,85.71
E00988,U189,02.12.2022,click,380.16
E00989,U049,02.12.2022,view,63.47
E00990,U257,02.12.2022,view,8.44
E00991,U224,02.12.2022,view,34.27
E00992,U141,03.12.2022,click,81.37
E00993,U215,03.12.2022,click,37.2
E00994,U211,03.12.2022,click,0.03
E00995,U032,03.12.2022,click,369.77
E00996,U158,03.12.2022,click,
E00997,U285,03.12.2022,click,
E00998,U286,03.12.2022,click,27.56
E00999,U144,03.12.2022,view,19.24
E01000,U019,04.12.2022,click,10.5
E01001,U018,04.12.2022,click,193.12
E01002,U257,04.12.2022,login,396.36
E01003,U078,04.12.2022,login,84.46
E01004,U175,04.12.2022,view,19.03
E01005,U194,04.12.2022,login,107.74
E01006,U113,04.12.2022,purchase,64.35
E01007,U114,04.12.2022,login,70.46
E01008,U222,05.12.2022,click,145.66
E01009,U166,05.12.2022,click,190.26
E01010,U132,05.12.2022,click,17.58
E01011,U264,05.12.2022,click,5.44
E01012,U055,05.12.2022,click,775.89
E01013,U131,05.12.2022,purchase,39.74
E01014,U288,05.12.2022,view,8.3
E01015,U266,05.12.2022,purchase,31.59
E01016,U162,06.12.2022,click,5.96
E01017,U087,06.12.2022,view,74.59
E01018,U055,06.12.2022,purchase,243.23
E01019,U288,06.12.2022,click,62.61
E01020,U178,06.12.2022,purchase,88.1
E01021,U008,06.12.2022,click,168.86
E01022,U247,06.12.2022,click,106.66
E01023,U255,06.12.2022,login,296.47
E01024,U054,07.12.2022,click,301.53
E01025,U249,07.12.2022,click,1.49
E01026,U239,07.12.2022,view,225.79
E01027,U229,07.12.2022,view,92.63
E01028,U067,07.12.2022,click,674.32
E01029,U051,07.12.2022,click,99.02
E01030,U097,07.12.2022,click,650.23
E01031,U092,07.12.2022,purchase,210.71
E01032,U264,08.12.2022,click,42.87
E01033,U291,08.12.2022,click,115.96
E01034,U096,08.12.2022,login,726.81
E01035,U088,08.12.2022,purchase,
E01036,U078,08.12.2022,click,15.37
E01037,U288,08.12.2022,purchase,183.82
E01038,U120,08.12.2022,purchase,63.6
E01039,U165,08.12.2022,click,1.05
E01040,U182,09.12.2022,click,77.5
E01041,U223,09.12.2022,view,40.13
E01042,U007,09.12.2022,click,256.28
E01043,U263,09.12.2022,purchase,61.72
E01044,U161,09.12.2022,click,
E01045,U151,09.12.2022,click,0.09
E01046,U085,09.12.2022,click,55.19
E01047,U147,09.12.2022,click,41.4
E01048,U112,10.12.2022,click,39.9
E01049,U036,10.12.2022,click,10.59
E01050,U285,10.12.2022,view,31.08
E01051,U188,10.12.2022,login,121.64
E01052,U082,10.12.2022,view,
E01053,U002,10.12.2022,view,81.04
E01054,U197,10.12.2022,click,70.95
E01055,U011,10.12.2022,login,
E01056,U234,11.12.2022,click,353.55
E01057,U195,11.12.2022,login,101.87
E01058,U119,11.12.2022,login,60.11
E01059,U020,11.12.2022,view,16.94
E01060,U261,11.12.2022,login,459.93
E01061,U293,11.12.2022,purchase,9.32
E01062,U256,11.12.2022,click,53.0
E01063,U222,11.12.2022,click,53.09
E01064,U226,12.12.2022,purchase,57.94
E01065,U053,12.12.2022,click,26.92
E01066,U280,12.12.2022,purchase,229.29
E01067,U081,12.12.2022,login,19.6
E01068,U202,12.12.2022,click,151.14
E01069,U158,12.12.2022,view,19.83
E01070,U120,12.12.2022,login,10.97
E01071,U059,12.12.2022,login,360.24
E01072,U215,13.12.2022,login,31.63
E01073,U128,13.12.2022,purchase,258.27
E01074,U224,13.12.2022,login,118.0
E01075,U209,13.12.2022,view,
E01076,U115,13.12.2022,click,466.67
E01077,U209,13.12.2022,click,42.55
E01078,U014,13.12.2022,view,294.54
E01079,U009,13.12.2022,click,27.73
E01080,U040,14.12.2022,purchase,288.56
E01081,U237,14.12.2022,purchase,2.0
E01082,U281,14.12.2022,click,
E01083,U201,14.12.2022,purchase,220.09
E01084,U246,14.12.2022,view,409.53
E01085,U278,14.12.2022,click,359.87
E01086,U235,14.12.2022,click,256.91
E01087,U004,14.12.2022,click,328.64
E01088,U154,15.12.2022,click,33.33
E01089,U029,15.12.2022,login,50.15
E01090,U109,15.12.2022,click,51.16
E01091,U098,15.12.2022,purchase,70.99
E01092,U215,15.12.2022,click,
E01093,U293,15.12.2022,click,117.97
E01094,U075,15.12.2022,view,
E01095,U146,15.12.2022,view,176.28
E01096,U128,16.12.2022,click,
E01097,U042,16.12.2022,click,
E01098,U041,16.12.2022,click,104.98
E01099,U034,16.12.2022,click,238.77
E01100,U017,16.12.2022,purchase,201.76
E01101,U165,16.12.2022,click,155.57
E01102,U153,16.12.2022,click,25.4
E01103,U076,16.12.2022,click,118.79
E01104,U087,17.12.2022,login,13.73
E01105,U117,17.12.2022,login,71.07
E01106,U027,17.12.2022,click,80.04
E01107,U287,17.12.2022,view,6.09
E01108,U134,17.12.2022,click,48.03
E01109,U219,17.12.2022,click,467.34
E01110,U168,17.12.2022,view,460.67
E01111,U098,17.12.2022,login,65.16
E01112,U268,18.12.2022,login,6.61
E01113,U237,18.12.2022,purchase,29.6
E01114,U173,18.12.2022,click,74.69
E01115,U190,18.12.2022,view,
E01116,U122,18.12.2022,click,22.83
E01117,U046,18.12.2022,purchase,216.28
E01118,U064,18.12.2022,click,17.26
E01119,U130,18.12.2022,purchase,596.54
E01120,U193,19.12.2022,click,72.1
E01121,U181,19.12.2022,click,
E01122,U292,19.12.2022,login,
E01123,U282,19.12.2022,click,148.2
E01124,U029,19.12.2022,purchase,31.98
E01125,U149,19.12.2022,click,23.68
E01126,U267,19.12.2022,click,417.25
E01127,U296,19.12.2022,click,374.51
E01128,U011,20.12.2022,click,327.68
E01129,U164,20.12.2022,view,
E01130,U113,20.12.2022,click,247.75
E01131,U187,20.12.2022,login,10.73
E01132,U295,20.12.2022,purchase,61.15
E01133,U232,20.12.2022,click,56.47
E01134,U227,20.12.2022,purchase,151.44
E01135,U098,20.12.2022,purchase,66.0
E01136,U055,21.12.2022,view,24.11
E01137,U111,21.12.2022,click,
E01138,U152,21.12.2022,click,252.61
E01139,U246,21.12.2022,view,72.22
E01140,U069,21.12.2022,login,21.28
E01141,U289,21.12.2022,view,32.85
E01142,U250,21.12.2022,click,40.67
E01143,U036,21.12.2022,view,53.48
E01144,U239,22.12.2022,click,154.42
E01145,U148,22.12.2022,click,137.8
E01146,U227,22.12.2022,click,
E01147,U244,22.12.2022,purchase,67.53
E01148,U201,22.12.2022,click,260.59
E01149,U154,22.12.2022,click,34.24
E01150,U073,22.12.2022,view,94.96
E01151,U201,22.12.2022,click,242.12
E01152,U296,23.12.2022,click,29.8
E01153,U017,23.12.2022,click,17.46
E01154,U129,23.12.2022,login,322.72
E01155,U217,23.12.2022,purchase,62.99
E01156,U061,23.12.2022,click,172.74
E01157,U104,23.12.2022,view,3.85
E01158,U042,23.12.2022,view,175.7
E01159,U025,23.12.2022,click,56.99
E01160,U039,24.12.2022,purchase,8.6
E01161,U291,24.12.2022,view,141.17
E01162,U131,24.12.2022,purchase,41.32
E01163,U229,24.12.2022,click,73.36
E01164,U108,24.12.2022,view,
E01165,U172,24.12.2022,purchase,23.88
E01166,U102,24.12.2022,click,
E01167,U012,24.12.2022,click,14.11
E01168,U275,25.12.2022,click,362.58
E01169,U101,25.12.2022,click,0.91
E01170,U044,25.12.2022,view,99.21
E01171,U017,25.12.2022,click,19.73
E01172,U057,25.12.2022,click,55.16
E01173,U012,25.12.2022,purchase,390.67
E01174,U080,25.12.2022,click,26.46
E01175,U216,25.12.2022,login,506.47
E01176,U264,26.12.2022,click,34.56
E01177,U149,26.12.2022,click,202.97
E01178,U081,26.12.2022,click,118.67
E01179,U215,26.12.2022,click,323.75
E01180,U198,26.12.2022,click,121.11
E01181,U200,26.12.2022,view,114.72
E01182,U025,26.12.2022,login,32.62
E01183,U089,26.12.2022,click,27.27
E01184,U268,27.12.2022,purchase,372.42
E01185,U143,27.12.2022,view,
E01186,U059,27.12.2022,view,69.8
E01187,U026,27.12.2022,click,213.96
E01188,U047,27.12.2022,click,62.06
E01189,U288,27.12.2022,click,455.68
E01190,U266,27.12.2022,view,200.87
E01191,U016,27.12.2022,view,136.48
E01192,U199,28.12.2022,click,319.16
E01193,U282,28.12.2022,click,7.63
E01194,U086,28.12.2022,login,
E01195,U250,28.12.2022,view,
E01196,U270,28.12.2022,login,38.62
E01197,U117,28.12.2022,view,204.33
E01198,U007,28.12.2022,click,377.38
E01199,U137,28.12.2022,purchase,82.69
E01200,U176,29.12.2022,purchase,62.81
E01201,U215,29.12.2022,click,488.76
E01202,U082,29.12.2022,purchase,88.28
E01203,U223,29.12.2022,view,100.72
E01204,U103,29.12.2022,click,65.0
E01205,U273,29.12.2022,view,360.44
E01206,U014,29.12.2022,purchase,126.23
E01207,U159,29.12.2022,login,215.43
E01208,U152,30.12.2022,click,250.54
E01209,U108,30.12.2022,click,62.75
E01210,U188,30.12.2022,purchase,85.29
E01211,U098,30.12.2022,click,
E01212,U131,30.12.2022,view,67.71
E01213,U293,30.12.2022,view,236.93
E01214,U171,30.12.2022,click,424.51
E01215,U183,30.12.2022,purchase,146.41
E01216,U039,31.12.2022,purchase,203.0
E01217,U015,31.12.2022,click,245.29
E01218,U004,31.12.2022,login,279.69
E01219,U210,31.12.2022,view,75.39
E01220,U161,31.12.2022,purchase,7.89
E01221,U016,31.12.2022,view,77.09
E01222,U108,31.12.2022,click,168.02
E01223,U227,31.12.2022,login,89.77
E01224,U170,01.01.2023,purchase,207.32
E01225,U034,01.01.2023,view,66.24
E01226,U251,01.01.2023,view,151.07
E01227,U247,01.01.2023,click,30.95
E01228,U269,01.01.2023,view,207.57
E01229,U141,01.01.2023,click,118.35
E01230,U274,01.01.2023,click,34.24
E01231,U096,01.01.2023,click,51.78
E01232,U227,02.01.2023,login,207.11
E01233,U039,02.01.2023,view,98.84
E01234,U029,02.01.2023,view,36.51
E01235,U245,02.01.2023,view,512.92
E01236,U236,02.01.2023,purchase,188.36
E01237,U185,02.01.2023,login,472.45
E01238,U272,02.01.2023,click,83.56
E01239,U236,02.01.2023,click,96.68
E01240,U239,03.01.2023,click,342.35
E01241,U266,03.01.2023,view,111.68
E01242,U065,03.01.2023,view,184.28
E01243,U177,03.01.2023,click,43.59
E01244,U003,03.01.2023,click,88.79
E01245,U142,03.01.2023,view,19.76
E01246,U158,03.01.2023,click,34.6
E01247,U146,03.01.2023,view,0.14
E01248,U293,04.01.2023,login,6.01
E01249,U153,04.01.2023,click,567.7
E01250,U193,04.01.2023,click,41.63
E01251,U073,04.01.2023,view,163.29
E01252,U140,04.01.2023,view,
E01253,U187,04.01.2023,purchase,120.0
E01254,U293,04.01.2023,login,
E01255,U061,04.01.2023,click,195.36
E01256,U198,05.01.2023,purchase,137.54
E01257,U295,05.01.2023,view,197.1
E01258,U011,05.01.2023,view,220.29
E01259,U062,05.01.2023,click,555.81
E01260,U226,05.01.2023,view,127.84
E01261,U153,05.01.2023,purchase,62.7
E01262,U199,05.01.2023,click,156.82
E01263,U052,05.01.2023,click,10.63
E01264,U260,06.01.2023,view,341.53
E01265,U059,06.01.2023,click,19.07
E01266,U072,06.01.2023,click,
E01267,U148,06.01.2023,click,253.72
E01268,U063,06.01.2023,view,136.44
E01269,U243,06.01.2023,purchase,75.04
E01270,U107,06.01.2023,view,96.21
E01271,U226,06.01.2023,click,289.19
E01272,U218,07.01.2023,purchase,62.33
E01273,U241,07.01.2023,purchase,305.63
E01274,U259,07.01.2023,view,13.84
E01275,U262,07.01.2023,login,224.95
E01276,U005,07.01.2023,click,282.14
E01277,U261,07.01.2023,purchase,30.1
E01278,U054,07.01.2023,click,84.41
E01279,U047,07.01.2023,purchase,27.14
E01280,U215,08.01.2023,click,183.93
E01281,U177,08.01.2023,click,114.97
E01282,U009,08.01.2023,click,151.31
E01283,U099,08.01.2023,purchase,32.81
E01284,U020,08.01.2023,click,35.69
E01285,U241,08.01.2023,view,6.36
E01286,U061,08.01.2023,click,58.31
E01287,U178,08.01.2023,click,123.06
E01288,U062,09.01.2023,view,292.72
E01289,U145,09.01.2023,click,164.91
E01290,U216,09.01.2023,click,85.74
E01291,U003,09.01.2023,purchase,459.02
E01292,U160,09.01.2023,click,190.54
E01293,U227,09.01.2023,click,
E01294,U269,09.01.2023,click,112.49
E01295,U120,09.01.2023,login,44.94
E01296,U089,10.01.2023,purchase,8.14
E01297,U068,10.01.2023,purchase,194.24
E01298,U098,10.01.2023,purchase,19.4
E01299,U267,10.01.2023,click,54.1
E01300,U105,10.01.2023,click,114.04
E01301,U123,10.01.2023,view,124.66
E01302,U029,10.01.2023,click,137.66
E01303,U137,10.01.2023,click,27.27
E01304,U195,11.01.2023,click,71.64
E01305,U226,11.01.2023,click,144.03
E01306,U170,11.01.2023,login,525.08
E01307,U009,11.01.2023,click,195.09
E01308,U040,11.01.2023,purchase,
E01309,U025,11.01.2023,click,215.46
E01310,U261,11.01.2023,login,134.37
E01311,U226,11.01.2023,click,31.98
E01312,U124,12.01.2023,click,
E01313,U038,12.01.2023,view,146.48
E01314,U251,12.01.2023,view,138.37
E01315,U176,12.01.2023,click,100.94
E01316,U090,12.01.2023,click,112.83
E01317,U037,12.01.2023,click,61.07
E01318,U176,12.01.2023,click,109.88
E01319,U284,12.01.2023,click,33.01
E01320,U081,13.01.2023,click,
E01321,U114,13.01.2023,click,30.83
E01322,U040,13.01.2023,click,13.32
E01323,U224,13.01.2023,purchase,
E01324,U115,13.01.2023,login,161.08
E01325,U186,13.01.2023,purchase,86.36
E01326,U056,13.01.2023,click,48.6
E01327,U040,13.01.2023,click,122.52
E01328,U040,14.01.2023,login,63.93
E01329,U237,14.01.2023,click,405.16
E01330,U289,14.01.2023,click,383.9
E01331,U262,14.01.2023,purchase,104.69
E01332,U216,14.01.2023,purchase,59.6
E01333,U147,14.01.2023,purchase,200.42
E01334,U168,14.01.2023,click,5.61
E01335,U092,14.01.2023,click,96.59
E01336,U059,15.01.2023,login,
E01337,U059,15.01.2023,click,379.87
E01338,U169,15.01.2023,purchase,1.81
E01339,U269,15.01.2023,view,120.72
E01340,U045,15.01.2023,purchase,202.44
E01341,U181,15.01.2023,click,99.54
E01342,U170,15.01.2023,click,13.39
E01343,U191,15.01.2023,purchase,538.82
E01344,U155,16.01.2023,view,109.47
E01345,U188,16.01.2023,login,142.86
E01346,U007,16.01.2023,click,40.5
E01347,U133,16.01.2023,click,99.1
E01348,U235,16.01.2023,login,84.09
E01349,U045,16.01.2023,view,11.68
E01350,U249,16.01.2023,view,16.83
E01351,U031,16.01.2023,click,272.54
E01352,U023,17.01.2023,purchase,41.13
E01353,U160,17.01.2023,view,
E01354,U158,17.01.2023,purchase,105.45
E01355,U039,17.01.2023,click,219.64
E01356,U082,17.01.2023,click,9.59
E01357,U258,17.01.2023,purchase,128.99
E01358,U206,17.01.2023,click,19.04
E01359,U077,17.01.2023,click,
E01360,U012,18.01.2023,login,
E01361,U295,18.01.2023,click,269.51
E01362,U224,18.01.2023,view,18.83
E01363,U013,18.01.2023,click,6.93
E01364,U046,18.01.2023,purchase,86.41
E01365,U155,18.01.2023,login,278.68
E01366,U113,18.01.2023,click,45.65
E01367,U233,18.01.2023,click,82.15
E01368,U017,19.01.2023,click,6.11
E01369,U223,19.01.2023,click,89.42
E01370,U188,19.01.2023,view,129.28
E01371,U163,19.01.2023,login,126.91
E01372,U074,19.01.2023,click,60.62
E01373,U233,19.01.2023,click,56.87
E01374,U224,19.01.2023,click,16.91
E01375,U060,19.01.2023,view,68.54
E01376,U222,20.01.2023,click,15.72
E01377,U037,20.01.2023,purchase,218.25
E01378,U278,20.01.2023,purchase,508.42
E01379,U196,20.01.2023,purchase,526.36
E01380,U242,20.01.2023,click,300.45
E01381,U219,20.01.2023,view,137.74
E01382,U192,20.01.2023,click,181.03
E01383,U017,20.01.2023,click,50.36
E01384,U012,21.01.2023,view,149.45
E01385,U193,21.01.2023,view,91.22
E01386,U022,21.01.2023,click,98.67
E01387,U120,21.01.2023,click,212.68
E01388,U210,21.01.2023,click,49.68
E01389,U270,21.01.2023,click,57.42
E01390,U192,21.01.2023,click,387.83
E01391,U175,21.01.2023,click,8.68
E01392,U285,22.01.2023,click,99.72
E01393,U204,22.01.2023,view,365.93
E01394,U164,22.01.2023,purchase,141.38
E01395,U251,22.01.2023,purchase,118.58
E01396,U227,22.01.2023,click,43.1
E01397,U007,22.01.2023,login,
E01398,U029,22.01.2023,view,286.63
E01399,U033,22.01.2023,view,122.88
E01400,U134,23.01.2023,view,108.46
E01401,U079,23.01.2023,login,15.73
E01402,U058,23.01.2023,purchase,2.42
E01403,U026,23.01.2023,click,497.33
E01404,U226,23.01.2023,purchase,70.98
E01405,U285,23.01.2023,view,138.65
E01406,U004,23.01.2023,view,
E01407,U099,23.01.2023,purchase,172.38
E01408,U039,24.01.2023,click,404.49
E01409,U271,24.01.2023,click,128.58
E01410,U285,24.01.2023,login,20.22
E01411,U157,24.01.2023,purchase,
E01412,U075,24.01.2023,purchase,
E01413,U288,24.01.2023,click,78.24
E01414,U130,24.01.2023,click,
E01415,U175,24.01.2023,view,156.91
E01416,U084,25.01.2023,purchase,
E01417,U022,25.01.2023,view,146.53
E01418,U027,25.01.2023,click,21.11
E01419,U195,25.01.2023,purchase,55.59
E01420,U236,25.01.2023,click,33.81
E01421,U092,25.01.2023,view,359.25
E01422,U021,25.01.2023,click,214.32
E01423,U084,25.01.2023,click,169.24
E01424,U262,26.01.2023,purchase,53.71
E01425,U147,26.01.2023,login,30.51
E01426,U257,26.01.2023,click,211.87
E01427,U058,26.01.2023,view,96.41
E01428,U015,26.01.2023,click,38.39
E01429,U162,26.01.2023,click,143.81
E01430,U163,26.01.2023,click,6.18
E01431,U281,26.01.2023,click,
E01432,U280,27.01.2023,purchase,94.82
E01433,U012,27.01.2023,click,24.02
E01434,U274,27.01.2023,click,626.54
E01435,U271,27.01.2023,login,35.19
E01436,U208,27.01.2023,click,20.95
E01437,U027,27.01.2023,view,34.14
E01438,U072,27.01.2023,click,219.84
E01439,U060,27.01.2023,purchase,83.14
E01440,U145,28.01.2023,click,125.0
E01441,U093,28.01.2023,click,3.18
E01442,U008,28.01.2023,click,5.26
E01443,U079,28.01.2023,click,88.54
E01444,U027,28.01.2023,click,254.46
E01445,U174,28.01.2023,purchase,324.74
E01446,U050,28.01.2023,view,13.6
E01447,U199,28.01.2023,view,115.95
E01448,U181,29.01.2023,purchase,366.67
E01449,U024,29.01.2023,click,73.65
E01450,U046,29.01.2023,click,265.41
E01451,U015,29.01.2023,click,21.53
E01452,U153,29.01.2023,click,
E01453,U222,29.01.2023,purchase,208.8
E01454,U206,29.01.2023,purchase,425.39
E01455,U273,29.01.2023,click,169.34
E01456,U236,30.01.2023,click,
E01457,U228,30.01.2023,view,417.53
E01458,U009,30.01.2023,view,48.35
E01459,U166,30.01.2023,click,60.56
E01460,U214,30.01.2023,login,181.0
E01461,U117,30.01.2023,login,217.43
E01462,U072,30.01.2023,click,397.62
E01463,U064,30.01.2023,click,34.37
E01464,U205,31.01.2023,purchase,
E01465,U209,31.01.2023,login,201.22
E01466,U072,31.01.2023,view,9.89
E01467,U277,31.01.2023,click,73.46
E01468,U274,31.01.2023,click,
E01469,U095,31.01.2023,purchase,54.47
E01470,U166,31.01.2023,purchase,610.71
E01471,U032,31.01.2023,click,154.41
E01472,U011,01.02.2023,view,189.71
E01473,U217,01.02.2023,purchase,563.37
E01474,U289,01.02.2023,view,71.03
E01475,U102,01.02.2023,view,242.8
E01476,U267,01.02.2023,view,85.51
E01477,U214,01.02.2023,click,
E01478,U179,01.02.2023,purchase,29.89
E01479,U088,01.02.2023,click,442.57
E01480,U041,02.02.2023,purchase,37.03
E01481,U076,02.02.2023,click,59.23
E01482,U046,02.02.2023,purchase,211.71
E01483,U160,02.02.2023,click,75.07
E01484,U080,02.02.2023,click,140.55
E01485,U086,02.02.2023,click,
E01486,U092,02.02.2023,click,203.43
E01487,U148,02.02.2023,view,
E01488,U161,03.02.2023,view,9.04
E01489,U202,03.02.2023,purchase,53.49
E01490,U242,03.02.2023,click,96.46
E01491,U002,03.02.2023,click,27.59
E01492,U225,03.02.2023,click,65.73
E01493,U289,03.02.2023,click,76.62
E01494,U233,03.02.2023,view,8.87
E01495,U077,03.02.2023,click,131.31
E01496,U116,04.02.2023,click,323.57
E01497,U154,04.02.2023,click,24.69
E01498,U103,04.02.2023,click,136.62
E01499,U194,04.02.2023,purchase,163.93
E01500,U166,04.02.2023,purchase,81.54
E01501,U090,04.02.2023,click,181.15
E01502,U174,04.02.2023,click,79.33
E01503,U122,04.02.2023,click,105.37
E01504,U143,05.02.2023,click,1.11
E01505,U106,05.02.2023,click,176.51
E01506,U123,05.02.2023,login,162.41
E01507,U009,05.02.2023,purchase,5.87
E01508,U262,05.02.2023,purchase,68.89
E01509,U073,05.02.2023,click,579.71
E01510,U223,05.02.2023,click,81.9
E01511,U041,05.02.2023,purchase,104.56
E01512,U204,06.02.2023,purchase,361.08
E01513,U264,06.02.2023,view,189.49
E01514,U178,06.02.2023,click,130.87
E01515,U084,06.02.2023,purchase,239.78
E01516,U111,06.02.2023,click,299.67
E01517,U251,06.02.2023,view,91.57
E01518,U007,06.02.2023,purchase,96.68
E01519,U084,06.02.2023,purchase,73.18
E01520,U208,07.02.2023,click,510.36
E01521,U022,07.02.2023,purchase,179.19
E01522,U003,07.02.2023,click,13.03
E01523,U127,07.02.2023,click,298.12
E01524,U297,07.02.2023,click,98.25
E01525,U188,07.02.2023,purchase,10.68
E01526,U014,07.02.2023,click,119.68
E01527,U012,07.02.2023,click,80.98
E01528,U087,08.02.2023,view,315.25
E01529,U012,08.02.2023,click,34.22
E01530,U025,08.02.2023,purchase,262.71
E01531,U243,08.02.2023,click,122.36
E01532,U122,08.02.2023,click,8.42
E01533,U147,08.02.2023,view,535.51
E01534,U055,08.02.2023,click,107.81
E01535,U238,08.02.2023,click,51.56
E01536,U173,09.02.2023,purchase,95.06
E01537,U221,09.02.2023,purchase,
E01538,U119,09.02.2023,purchase,
E01539,U183,09.02.2023,click,32.1
E01540,U288,09.02.2023,click,20.73
E01541,U082,09.02.2023,view,53.04
E01542,U211,09.02.2023,purchase,227.15
E01543,U150,09.02.2023,view,95.69
E01544,U037,10.02.2023,view,38.71
E01545,U059,10.02.2023,view,27.26
E01546,U131,10.02.2023,click,60.68
E01547,U202,10.02.2023,click,421.82
E01548,U243,10.02.2023,view,63.02
E01549,U035,10.02.2023,click,664.99
E01550,U093,10.02.2023,click,99.61
E01551,U207,10.02.2023,view,29.61
E01552,U213,11.02.2023,view,332.65
E01553,U159,11.02.2023,click,92.53
E01554,U024,11.02.2023,click,185.51
E01555,U293,11.02.2023,click,
E01556,U004,11.02.2023,view,7.72
E01557,U220,11.02.2023,login,
E01558,U020,11.02.2023,click,191.19
E01559,U152,11.02.2023,click,49.66
E01560,U050,12.02.2023,view,
E01561,U177,12.02.2023,click,6.02
E01562,U096,12.02.2023,purchase,3.31
E01563,U105,12.02.2023,login,223.41
E01564,U250,12.02.2023,click,21.66
E01565,U117,12.02.2023,purchase,94.59
E01566,U228,12.02.2023,click,139.67
E01567,U066,12.02.2023,click,83.88
E01568,U262,13.02.2023,view,4.12
E01569,U295,13.02.2023,click,229.53
E01570,U243,13.02.2023,login,1.59
E01571,U186,13.02.2023,purchase,215.25
E01572,U246,13.02.2023,click,335.67
E01573,U125,13.02.2023,click,85.07
E01574,U268,13.02.2023,click,115.03
E01575,U131,13.02.2023,click,97.22
E01576,U237,14.02.2023,click,73.95
E01577,U018,14.02.2023,click,327.62
E01578,U040,14.02.2023,click,336.55
E01579,U021,14.02.2023,view,61.38
E01580,U225,14.02.2023,purchase,143.2
E01581,U282,14.02.2023,view,392.4
E01582,U008,14.02.2023,click,
E01583,U100,14.02.2023,click,106.68
E01584,U240,15.02.2023,purchase,90.45
E01585,U087,15.02.2023,click,49.0
E01586,U298,15.02.2023,click,478.66
E01587,U014,15.02.2023,view,23.12
E01588,U002,15.02.2023,view,
E01589,U293,15.02.2023,purchase,49.81
E01590,U041,15.02.2023,click,
E01591,U111,15.02.2023,view,77.87
E01592,U014,16.02.2023,purchase,1007.93
E01593,U231,16.02.2023,view,8.48
E01594,U084,16.02.2023,view,129.61
E01595,U130,16.02.2023,view,12.93
E01596,U231,16.02.2023,purchase,25.18
E01597,U145,16.02.2023,click,
E01598,U028,16.02.2023,purchase,107.14
E01599,U066,16.02.2023,purchase,44.92
E01600,U163,17.02.2023,view,57.07
E01601,U229,17.02.2023,click,13.65
E01602,U261,17.02.2023,click,54.19
E01603,U164,17.02.2023,view,509.69
E01604,U287,17.02.2023,view,
E01605,U010,17.02.2023,login,61.17
E01606,U195,17.02.2023,view,126.89
E01607,U118,17.02.2023,purchase,360.52
E01608,U270,18.02.2023,purchase,0.93
E01609,U080,18.02.2023,view,249.65
E01610,U093,18.02.2023,purchase,444.55
E01611,U266,18.02.2023,purchase,14.37
E01612,U257,18.02.2023,click,26.41
E01613,U133,18.02.2023,click,485.66
E01614,U276,18.02.2023,view,115.68
E01615,U264,18.02.2023,click,2.14
E01616,U171,19.02.2023,click,44.69
E01617,U001,19.02.2023,click,
E01618,U064,19.02.2023,click,177.09
E01619,U284,19.02.2023,click,198.17
E01620,U121,19.02.2023,click,
E01621,U107,19.02.2023,login,50.85
E01622,U175,19.02.2023,purchase,115.9
E01623,U204,19.02.2023,click,114.32
E01624,U165,20.02.2023,click,78.04
E01625,U120,20.02.2023,purchase,27.8
E01626,U044,20.02.2023,click,568.85
E01627,U156,20.02.2023,view,287.92
E01628,U207,20.02.2023,purchase,103.47
E01629,U108,20.02.2023,view,138.67
E01630,U251,20.02.2023,click,38.67
E01631,U130,20.02.2023,purchase,117.72
E01632,U293,21.02.2023,click,178.1
E01633,U020,21.02.2023,login,108.59
E01634,U282,21.02.2023,purchase,695.12
E01635,U285,21.02.2023,click,
E01636,U001,21.02.2023,click,69.54
E01637,U119,21.02.2023,click,221.86
E01638,U035,21.02.2023,purchase,
E01639,U198,21.02.2023,click,72.8
E01640,U245,22.02.2023,purchase,63.92
E01641,U059,22.02.2023,click,84.79
E01642,U161,22.02.2023,purchase,228.34
E01643,U179,22.02.2023,view,99.3
E01644,U206,22.02.2023,view,236.99
E01645,U012,22.02.2023,view,
E01646,U276,22.02.2023,click,62.8
E01647,U181,22.02.2023,click,249.09
E01648,U242,23.02.2023,purchase,40.83
E01649,U216,23.02.2023,click,38.11
E01650,U251,23.02.2023,click,105.33
E01651,U299,23.02.2023,click,45.34
E01652,U126,23.02.2023,click,1.37
E01653,U217,23.02.2023,click,156.75
E01654,U285,23.02.2023,view,107.34
E01655,U185,23.02.2023,click,88.46
E01656,U039,24.02.2023,purchase,511.54
E01657,U223,24.02.2023,click,127.01
E01658,U184,24.02.2023,purchase,298.64
E01659,U178,24.02.2023,click,22.53
E01660,U294,24.02.2023,view,126.32
E01661,U151,24.02.2023,view,
E01662,U126,24.02.2023,click,131.24
E01663,U234,24.02.2023,login,189.88
E01664,U008,25.02.2023,login,69.79
E01665,U129,25.02.2023,view,
E01666,U264,25.02.2023,view,91.85
E01667,U157,25.02.2023,click,75.25
E01668,U005,25.02.2023,purchase,302.68
E01669,U086,25.02.2023,click,41.96
E01670,U175,25.02.2023,click,510.48
E01671,U290,25.02.2023,login,476.01
E01672,U193,26.02.2023,click,
E01673,U119,26.02.2023,view,64.17
E01674,U218,26.02.2023,view,338.87
E01675,U114,26.02.2023,view,509.98
E01676,U145,26.02.2023,login,87.9
E01677,U026,26.02.2023,click,58.07
E01678,U136,26.02.2023,click,112.01
E01679,U232,26.02.2023,click,
E01680,U076,27.02.2023,click,47.92
E01681,U289,27.02.2023,click,
E01682,U001,27.02.2023,click,7.96
E01683,U147,27.02.2023,view,7.58
E01684,U287,27.02.2023,purchase,73.23
E01685,U142,27.02.2023,click,65.42
E01686,U053,27.02.2023,purchase,56.89
E01687,U069,27.02.2023,click,101.3
E01688,U090,28.02.2023,click,58.01
E01689,U220,28.02.2023,view,32.03
E01690,U192,28.02.2023,purchase,55.54
E01691,U063,28.02.2023,view,552.76
E01692,U073,28.02.2023,click,79.43
E01693,U161,28.02.2023,view,88.24
E01694,U169,28.02.2023,purchase,128.9
E01695,U089,28.02.2023,purchase,614.22
E01696,U176,01.03.2023,purchase,41.48
E01697,U269,01.03.2023,view,171.52
E01698,U073,01.03.2023,purchase,188.81
E01699,U245,01.03.2023,purchase,140.22
E01700,U077,01.03.2023,login,13.91
E01701,U159,01.03.2023,view,169.46
E01702,U098,01.03.2023,click,9.94
E01703,U102,01.03.2023,view,136.0
E01704,U132,02.03.2023,click,
E01705,U102,02.03.2023,click,35.54
E01706,U019,02.03.2023,purchase,276.42
E01707,U082,02.03.2023,login,4.62
E01708,U279,02.03.2023,login,278.51
E01709,U129,02.03.2023,click,92.52
E01710,U089,02.03.2023,purchase,36.81
E01711,U213,02.03.2023,click,21.54
E01712,U143,03.03.2023,login,459.62
E01713,U065,03.03.2023,login,11.32
E01714,U076,03.03.2023,purchase,
E01715,U199,03.03.2023,view,64.12
E01716,U143,03.03.2023,view,145.23
E01717,U093,03.03.2023,purchase,118.05
E01718,U224,03.03.2023,click,20.14
E01719,U291,03.03.2023,click,51.32
E01720,U102,04.03.2023,purchase,40.92
E01721,U267,04.03.2023,purchase,36.03
E01722,U110,04.03.2023,click,79.44
E01723,U265,04.03.2023,login,182.63
E01724,U003,04.03.2023,click,36.78
E01725,U085,04.03.2023,purchase,68.52
E01726,U282,04.03.2023,purchase,74.37
E01727,U117,04.03.2023,purchase,562.34
E01728,U221,05.03.2023,purchase,464.06
E01729,U154,05.03.2023,click,241.52
E01730,U153,05.03.2023,click,41.49
E01731,U012,05.03.2023,purchase,10.57
E01732,U133,05.03.2023,purchase,57.17
E01733,U293,05.03.2023,click,46.55
E01734,U228,05.03.2023,view,105.76
E01735,U271,05.03.2023,click,225.58
E01736,U043,06.03.2023,purchase,293.13
E01737,U021,06.03.2023,view,279.52
E01738,U107,06.03.2023,click,66.87
E01739,U117,06.03.2023,click,174.35
E01740,U124,06.03.2023,view,56.28
E01741,U281,06.03.2023,purchase,9.43
E01742,U292,06.03.2023,purchase,181.38
E01743,U203,06.03.2023,view,1.48
E01744,U051,07.03.2023,view,78.94
E01745,U271,07.03.2023,login,
E01746,U277,07.03.2023,purchase,177.32
E01747,U141,07.03.2023,click,218.02
E01748,U275,07.03.2023,click,54.38
E01749,U290,07.03.2023,click,250.4
E01750,U052,07.03.2023,purchase,52.2
E01751,U027,07.03.2023,click,88.68
E01752,U157,08.03.2023,login,194.75
E01753,U239,08.03.2023,purchase,177.1
E01754,U156,08.03.2023,purchase,655.73
E01755,U291,08.03.2023,click,38.27
E01756,U136,08.03.2023,click,162.85
E01757,U144,08.03.2023,click,141.12
E01758,U106,08.03.2023,click,369.94
E01759,U158,08.03.2023,click,25.5
E01760,U146,09.03.2023,purchase,209.03
E01761,U002,09.03.2023,view,125.99
E01762,U077,09.03.2023,view,48.17
E01763,U132,09.03.2023,purchase,96.49
E01764,U090,09.03.2023,click,60.92
E01765,U263,09.03.2023,view,129.88
E01766,U108,09.03.2023,view,329.73
E01767,U074,09.03.2023,click,126.35
E01768,U039,10.03.2023,view,149.84
E01769,U159,10.03.2023,click,109.7
E01770,U071,10.03.2023,view,7.88
E01771,U241,10.03.2023,login,39.76
E01772,U298,10.03.2023,click,101.59
E01773,U036,10.03.2023,view,55.71
E01774,U084,10.03.2023,purchase,30.09
E01775,U263,10.03.2023,login,105.22
E01776,U172,11.03.2023,click,58.47
E01777,U173,11.03.2023,view,44.78
E01778,U047,11.03.2023,click,93.54
E01779,U141,11.03.2023,click,
E01780,U118,11.03.2023,click,394.13
E01781,U277,11.03.2023,login,
E01782,U214,11.03.2023,view,
E01783,U220,11.03.2023,view,16.84
E01784,U026,12.03.2023,login,224.33
E01785,U009,12.03.2023,click,247.51
E01786,U271,12.03.2023,click,219.0
E01787,U010,12.03.2023,click,18.15
E01788,U121,12.03.2023,click,154.88
E01789,U125,12.03.2023,click,269.66
E01790,U170,12.03.2023,click,
E01791,U072,12.03.2023,click,155.94
E01792,U152,13.03.2023,click,91.97
E01793,U208,13.03.2023,click,112.84
E01794,U049,13.03.2023,click,5.25
E01795,U154,13.03.2023,login,152.82
E01796,U293,13.03.2023,view,12.74
E01797,U068,13.03.2023,login,85.64
E01798,U050,13.03.2023,click,51.94
E01799,U152,13.03.2023,click,118.26
E01800,U019,14.03.2023,view,21.48
E01801,U100,14.03.2023,click,176.47
E01802,U060,14.03.2023,click,237.72
E01803,U167,14.03.2023,click,26.75
E01804,U202,14.03.2023,click,16.52
E01805,U146,14.03.2023,click,23.59
E01806,U164,14.03.2023,click,314.49
E01807,U242,14.03.2023,purchase,112.68
E01808,U069,15.03.2023,click,94.46
E01809,U175,15.03.2023,click,16.93
E01810,U049,15.03.2023,view,157.28
E01811,U108,15.03.2023,click,303.74
E01812,U226,15.03.2023,click,264.2
E01813,U161,15.03.2023,view,147.55
E01814,U119,15.03.2023,click,11.74
E01815,U149,15.03.2023,click,17.88
E01816,U150,16.03.2023,click,7.58
E01817,U293,16.03.2023,click,44.66
E01818,U143,16.03.2023,purchase,21.87
E01819,U160,16.03.2023,view,45.18
E01820,U011,16.03.2023,click,72.93
E01821,U138,16.03.2023,purchase,
E01822,U078,16.03.2023,purchase,141.39
E01823,U077,16.03.2023,click,270.25
E01824,U254,17.03.2023,purchase,185.86
E01825,U258,17.03.2023,click,17.9
E01826,U291,17.03.2023,click,199.73
E01827,U263,17.03.2023,click,48.26
E01828,U085,17.03.2023,click,
E01829,U146,17.03.2023,click,62.55
E01830,U042,17.03.2023,view,909.43
E01831,U125,17.03.2023,click,45.89
E01832,U167,18.03.2023,click,49.09
E01833,U241,18.03.2023,click,400.34
E01834,U280,18.03.2023,view,3.74
E01835,U188,18.03.2023,purchase,
E01836,U019,18.03.2023,purchase,193.83
E01837,U068,18.03.2023,view,271.53
E01838,U218,18.03.2023,view,550.0
E01839,U102,18.03.2023,click,556.99
E01840,U042,19.03.2023,purchase,10.13
E01841,U288,19.03.2023,view,258.76
E01842,U167,19.03.2023,login,155.9
E01843,U109,19.03.2023,view,156.34
E01844,U036,19.03.2023,click,20.61
E01845,U232,19.03.2023,click,157.55
E01846,U229,19.03.2023,click,606.68
E01847,U164,19.03.2023,view,
E01848,U073,20.03.2023,click,86.74
E01849,U136,20.03.2023,click,6.12
E01850,U070,20.03.2023,view,67.48
E01851,U196,20.03.2023,click,262.64
E01852,U269,20.03.2023,view,181.35
E01853,U049,20.03.2023,click,92.25
E01854,U130,20.03.2023,click,8.5
E01855,U005,20.03.2023,click,83.5
E01856,U027,21.03.2023,view,94.96
E01857,U160,21.03.2023,click,395.83
E01858,U149,21.03.2023,click,
E01859,U264,21.03.2023,login,56.02
E01860,U230,21.03.2023,click,111.77
E01861,U200,21.03.2023,purchase,10.25
E01862,U050,21.03.2023,purchase,539.41
E01863,U067,21.03.2023,click,66.96
E01864,U058,22.03.2023,purchase,97.48
E01865,U259,22.03.2023,click,65.84
E01866,U130,22.03.2023,purchase,172.1
E01867,U215,22.03.2023,click,162.81
E01868,U172,22.03.2023,purchase,
E01869,U258,22.03.2023,click,46.83
E01870,U102,22.03.2023,purchase,56.9
E01871,U209,22.03.2023,click,20.07
E01872,U291,23.03.2023,click,
E01873,U286,23.03.2023,click,6.09
E01874,U116,23.03.2023,click,136.58
E01875,U264,23.03.2023,view,305.68
E01876,U150,23.03.2023,click,332.23
E01877,U036,23.03.2023,login,89.41
E01878,U287,23.03.2023,login,92.23
E01879,U208,23.03.2023,purchase,12.01
E01880,U106,24.03.2023,click,166.65
E01881,U158,24.03.2023,click,258.27
E01882,U121,24.03.2023,view,42.09
E01883,U055,24.03.2023,click,82.05
E01884,U012,24.03.2023,click,
E01885,U145,24.03.2023,purchase,314.48
E01886,U136,24.03.2023,view,41.79
E01887,U003,24.03.2023,view,119.97
E01888,U144,25.03.2023,click,
E01889,U030,25.03.2023,purchase,16.12
E01890,U237,25.03.2023,click,
E01891,U279,25.03.2023,click,257.64
E01892,U115,25.03.2023,view,214.09
E01893,U104,25.03.2023,click,7.5
E01894,U118,25.03.2023,click,278.42
E01895,U005,25.03.2023,click,86.45
E01896,U248,26.03.2023,view,62.87
E01897,U121,26.03.2023,view,118.61
E01898,U286,26.03.2023,purchase,14.37
E01899,U149,26.03.2023,view,211.99
E01900,U084,26.03.2023,click,131.0
E01901,U231,26.03.2023,click,30.98
E01902,U288,26.03.2023,click,31.28
E01903,U161,26.03.2023,click,30.55
E01904,U272,27.03.2023,click,8.8
E01905,U038,27.03.2023,login,132.94
E01906,U226,27.03.2023,click,275.21
E01907,U142,27.03.2023,click,2.65
E01908,U292,27.03.2023,click,7.54
E01909,U151,27.03.2023,click,127.57
E01910,U114,27.03.2023,login,256.8
E01911,U237,27.03.2023,click,59.34
E01912,U066,28.03.2023,click,64.53
E01913,U258,28.03.2023,view,136.08
E01914,U249,28.03.2023,click,48.07
E01915,U180,28.03.2023,click,4.05
E01916,U190,28.03.2023,click,
E01917,U154,28.03.2023,purchase,147.38
E01918,U196,28.03.2023,login,130.4
E01919,U262,28.03.2023,view,203.04
E01920,U143,29.03.2023,click,168.7
E01921,U101,29.03.2023,view,34.58
E01922,U244,29.03.2023,click,
E01923,U012,29.03.2023,click,20.22
E01924,U239,29.03.2023,click,
E01925,U049,29.03.2023,click,169.14
E01926,U042,29.03.2023,purchase,293.42
E01927,U166,29.03.2023,purchase,493.45
E01928,U082,30.03.2023,login,148.47
E01929,U291,30.03.2023,purchase,30.52
E01930,U158,30.03.2023,purchase,16.75
E01931,U216,30.03.2023,click,251.38
E01932,U158,30.03.2023,click,129.68
E01933,U134,30.03.2023,purchase,144.46
E01934,U067,30.03.2023,click,228.12
E01935,U007,30.03.2023,view,182.24
E01936,U014,31.03.2023,click,269.78
E01937,U073,31.03.2023,click,8.68
E01938,U163,31.03.2023,click,206.46
E01939,U066,31.03.2023,click,285.42
E01940,U130,31.03.2023,click,50.56
E01941,U206,31.03.2023,view,153.43
E01942,U276,31.03.2023,click,56.57
E01943,U256,31.03.2023,purchase,475.41
E01944,U266,01.04.2023,click,5.1
E01945,U025,01.04.2023,click,
E01946,U281,01.04.2023,click,27.32
E01947,U253,01.04.2023,view,186.83
E01948,U289,01.04.2023,click,29.02
E01949,U164,01.04.2023,view,40.26
E01950,U095,01.04.2023,click,102.29
E01951,U270,01.04.2023,view,369.47
E01952,U110,02.04.2023,click,35.68
E01953,U238,02.04.2023,purchase,23.36
E01954,U025,02.04.2023,purchase,213.43
E01955,U141,02.04.2023,login,104.16
E01956,U117,02.04.2023,click,364.2
E01957,U025,02.04.2023,click,23.78
E01958,U079,02.04.2023,click,155.74
E01959,U068,02.04.2023,view,39.77
E01960,U173,03.04.2023,purchase,25.58
E01961,U012,03.04.2023,view,172.53
E01962,U288,03.04.2023,click,135.09
E01963,U128,03.04.2023,click,210.87
E01964,U096,03.04.2023,click,55.54
E01965,U092,03.04.2023,login,89.12
E01966,U141,03.04.2023,purchase,78.0
E01967,U031,03.04.2023,login,621.12
E01968,U020,04.04.2023,click,
E01969,U146,04.04.2023,purchase,52.39
E01970,U160,04.04.2023,purchase,65.67
E01971,U043,04.04.2023,click,124.72
E01972,U254,04.04.2023,view,43.62
E01973,U130,04.04.2023,login,370.28
E01974,U060,04.04.2023,view,46.32
E01975,U151,04.04.2023,view,339.24
E01976,U287,05.04.2023,click,16.38
E01977,U005,05.04.2023,click,
E01978,U266,05.04.2023,login,356.25
E01979,U130,05.04.2023,click,27.72
E01980,U267,05.04.2023,view,517.84
E01981,U178,05.04.2023,view,90.46
E01982,U253,05.04.2023,purchase,437.03
E01983,U056,05.04.2023,login,169.43
E01984,U083,06.04.2023,click,53.84
E01985,U099,06.04.2023,click,31.29
E01986,U149,06.04.2023,click,54.3
E01987,U156,06.04.2023,click,14.64
E01988,U190,06.04.2023,click,23.3
E01989,U263,06.04.2023,click,16.58
E01990,U080,06.04.2023,view,82.47
E01991,U252,06.04.2023,login,238.14
E01992,U097,07.04.2023,click,22.86
E01993,U260,07.04.2023,click,20.94
E01994,U260,07.04.2023,login,154.68
E01995,U103,07.04.2023,click,32.94
E01996,U040,07.04.2023,click,15.41
E01997,U273,07.04.2023,click,
E01998,U101,07.04.2023,purchase,386.02
E01999,U221,07.04.2023,click,258.45
E00674,U126,24.10.2022,purchase,
E01699,U245,01.03.2023,purchase,140.22
E01282,U009,08.01.2023,click,151.31
E01315,U176,12.01.2023,click,100.94
E01210,U188,30.12.2022,purchase,85.29
E01636,U001,21.02.2023,click,69.54
E00613,U197,16.10.2022,login,133.01
E00447,U099,25.09.2022,purchase,59.39
E01131,U187,20.12.2022,login,10.73
E00808,U133,10.11.2022,view,
E01496,U116,04.02.2023,click,323.57
E01468,U274,31.01.2023,click,
E01682,U001,27.02.2023,click,7.96
E01149,U154,22.12.2022,click,34.24
E00442,U249,25.09.2022,view,113.85
E01813,U161,15.03.2023,view,147.55
E00654,U294,21.10.2022,purchase,122.42
E01264,U260,06.01.2023,view,341.53
E00858,U132,16.11.2022,view,196.02
E01482,U046,02.02.2023,purchase,211.71
E00231,U075,29.08.2022,view,4.36
E01821,U138,16.03.2023,purchase,
E01926,U042,29.03.2023,purchase,293.42
E00881,U067,19.11.2022,click,99.88
E00631,U095,18.10.2022,click,
