cust_id,invoice_id,amount,status
C1635,INV00000,262.65,paid
C1425,INV00001,45.56,paid
C1540,INV00002,175.12,pending
C0530,INV00003,385.94,paid
C4349,INV00004,62.29,pending
C3103,INV00005,104.84,pending
C4756,INV00006,93.3,pending
C1801,INV00007,25.73,paid
C1036,INV00008,133.85,paid
C3728,INV00009,203.8,paid
C4011,INV00010,,pending
C3463,INV00011,285.37,paid
C1142,INV00012,107.01,failed
C1755,INV00013,190.42,pending
C4840,INV00014,242.0,pending
C1629,INV00015,102.03,paid
C0762,INV00016,18.4,paid
C4889,INV00017,86.42,pending
C4839,INV00018,277.23,paid
C3957,INV00019,136.19,pending
C0557,INV00020,193.35,paid
C4621,INV00021,30.73,pending
C0839,INV00022,500.05,pending
C0002,INV00023,77.65,paid
C1051,INV00024,159.04,paid
C1404,INV00025,2.86,pending
C0156,INV00026,20.43,paid
C1937,INV00027,228.51,paid
C0510,INV00028,516.16,paid
C3404,INV00029,57.86,paid
C4782,INV00030,5.68,paid
C1137,INV00031,67.15,pending
C3914,INV00032,2.64,paid
C3321,INV00033,32.05,paid
C4666,INV00034,209.43,failed
C0714,INV00035,414.9,paid
C2286,INV00036,13.73,paid
C2654,INV00037,122.43,pending
C0990,INV00038,43.93,pending
C4429,INV00039,22.46,paid
C2160,INV00040,37.07,failed
C4457,INV00041,129.33,failed
C2144,INV00042,10.1,paid
C2063,INV00043,85.43,paid
C2603,INV00044,21.79,pending
C1977,INV00045,47.76,paid
C0375,INV00046,31.75,paid
C0741,INV00047,321.81,pending
C4485,INV00048,184.66,paid
C2667,INV00049,304.27,paid
C1240,INV00050,72.55,paid
C3470,INV00051,56.4,paid
C4919,INV00052,71.85,paid
C2367,INV00053,2.81,paid
C2243,INV00054,193.49,paid
C3549,INV00055,64.56,paid
C0417,INV00056,56.38,failed
C0606,INV00057,136.75,failed
C0567,INV00058,85.97,paid
C0543,INV00059,593.27,pending
C0883,INV00060,66.07,pending
C4798,INV00061,142.75,pending
C1223,INV00062,56.02,paid
C2893,INV00063,699.98,paid
C2068,INV00064,88.35,pending
C3709,INV00065,150.82,paid
C1786,INV00066,20.33,paid
C1457,INV00067,198.09,paid
C1914,INV00068,47.04,failed
C0077,INV00069,89.3,paid
C3613,INV00070,322.01,paid
C1308,INV00071,528.77,paid
C0647,INV00072,82.9,pending
C2187,INV00073,270.09,paid
C0552,INV00074,8.22,paid
C0281,INV00075,282.16,paid
C1281,INV00076,148.94,paid
C1846,INV00077,100.62,paid
C2487,INV00078,331.04,paid
C2793,INV00079,279.98,paid
C3711,INV00080,,paid
C4199,INV00081,235.16,pending
C4861,INV00082,15.72,paid
C2776,INV00083,259.54,paid
C1596,INV00084,168.8,paid
C0479,INV00085,13.8,paid
C3312,INV00086,172.37,paid
C3218,INV00087,130.31,paid
C1963,INV00088,135.41,pending
C2142,INV00089,51.56,paid
C3898,INV00090,46.49,paid
C2072,INV00091,215.66,paid
C1295,INV00092,44.52,paid
C0938,INV00093,88.66,paid
C0761,INV00094,178.01,paid
C4749,INV00095,12.44,paid
C1669,INV00096,135.41,paid
C3862,INV00097,133.51,paid
C2685,INV00098,,paid
C3899,INV00099,69.29,paid
C1931,INV00100,89.4,paid
C3939,INV00101,60.06,paid
C1126,INV00102,247.67,paid
C3297,INV00103,20.99,paid
C4670,INV00104,494.34,paid
C1203,INV00105,151.11,paid
C4135,INV00106,326.93,paid
C3772,INV00107,83.33,paid
C0519,INV00108,60.58,paid
C2283,INV00109,346.48,paid
C4558,INV00110,15.62,pending
C0482,INV00111,18.68,pending
C2477,INV00112,53.36,paid
C3093,INV00113,481.99,pending
C0342,INV00114,150.39,paid
C1462,INV00115,121.18,paid
C1202,INV00116,183.3,failed
C1621,INV00117,81.06,pending
C2398,INV00118,212.87,failed
C3596,INV00119,74.94,paid
C3535,INV00120,262.62,paid
C2877,INV00121,46.65,paid
C2390,INV00122,48.77,paid
C3351,INV00123,110.84,paid
C2913,INV00124,84.52,pending
C1189,INV00125,156.67,paid
C2340,INV00126,67.95,paid
C3580,INV00127,39.31,paid
C1603,INV00128,95.18,paid
C3297,INV00129,123.47,paid
C0597,INV00130,23.08,failed
C0644,INV00131,122.03,paid
C4543,INV00132,57.69,paid
C2902,INV00133,74.75,pending
C0763,INV00134,49.13,failed
C4830,INV00135,401.94,pending
C1642,INV00136,172.49,pending
C2297,INV00137,45.67,paid
C4696,INV00138,155.36,failed
C2172,INV00139,283.15,paid
C2160,INV00140,77.03,pending
C3749,INV00141,265.76,paid
C2922,INV00142,25.16,paid
C0579,INV00143,,paid
C3804,INV00144,116.58,paid
C4878,INV00145,37.84,paid
C2368,INV00146,78.42,paid
C3932,INV00147,663.34,pending
C4627,INV00148,229.56,paid
C3360,INV00149,128.38,paid
C4707,INV00150,18.35,pending
C1100,INV00151,81.14,paid
C1670,INV00152,45.79,paid
C2220,INV00153,11.05,paid
C4970,INV00154,117.2,paid
C0216,INV00155,329.98,failed
C0375,INV00156,168.87,failed
C1609,INV00157,43.09,pending
C4106,INV00158,127.85,paid
C3839,INV00159,430.32,paid
C2939,INV00160,192.51,paid
C4062,INV00161,175.42,paid
C1613,INV00162,,paid
C3679,INV00163,240.57,paid
C4913,INV00164,22.04,paid
C1296,INV00165,64.07,paid
C3996,INV00166,503.47,paid
C4786,INV00167,100.92,failed
C1155,INV00168,17.76,paid
C4879,INV00169,92.04,pending
C2366,INV00170,179.1,pending
C2891,INV00171,901.64,paid
C1972,INV00172,58.71,paid
C0784,INV00173,108.26,paid
C4492,INV00174,317.64,paid
C1081,INV00175,65.84,paid
C2033,INV00176,17.36,failed
C1614,INV00177,446.2,failed
C4555,INV00178,100.54,paid
C2416,INV00179,104.81,failed
C4641,INV00180,145.61,paid
C3653,INV00181,0.53,pending
C0496,INV00182,401.33,paid
C0504,INV00183,67.28,paid
C3386,INV00184,75.86,paid
C2208,INV00185,28.69,pending
C4813,INV00186,71.26,paid
C3216,INV00187,244.4,paid
C3666,INV00188,,failed
C1408,INV00189,411.86,failed
C4364,INV00190,77.43,paid
C4077,INV00191,185.02,pending
C1477,INV00192,106.16,paid
C4960,INV00193,,paid
C2397,INV00194,187.0,paid
C0109,INV00195,68.81,paid
C3554,INV00196,61.57,paid
C0649,INV00197,43.64,paid
C1499,INV00198,128.89,paid
C0595,INV00199,497.98,pending
C0978,INV00200,33.48,pending
C0730,INV00201,15.01,paid
C0056,INV00202,19.07,paid
C2243,INV00203,229.25,paid
C1701,INV00204,64.64,pending
C1286,INV00205,38.11,paid
C0111,INV00206,65.28,paid
C4806,INV00207,155.49,paid
C1201,INV00208,118.71,paid
C0947,INV00209,204.15,paid
C4121,INV00210,62.12,failed
C0757,INV00211,90.23,paid
C3388,INV00212,16.13,paid
C1841,INV00213,11.38,paid
C3535,INV00214,93.06,pending
C2293,INV00215,53.84,paid
C1104,INV00216,142.32,paid
C0661,INV00217,6.59,paid
C0908,INV00218,19.48,pending
C4617,INV00219,300.58,paid
C1856,INV00220,,paid
C2311,INV00221,,failed
C0789,INV00222,276.75,failed
C0171,INV00223,93.5,paid
C4360,INV00224,214.73,failed
C1986,INV00225,111.54,paid
C1885,INV00226,37.8,paid
C0475,INV00227,,paid
C1049,INV00228,101.1,paid
C4129,INV00229,57.16,paid
C2311,INV00230,61.31,paid
C1161,INV00231,61.74,pending
C0815,INV00232,19.66,pending
C3766,INV00233,13.27,paid
C2922,INV00234,7.14,paid
C0753,INV00235,17.64,paid
C4661,INV00236,63.17,paid
C0461,INV00237,135.16,paid
C3239,INV00238,31.27,paid
C2702,INV00239,328.4,paid
C0080,INV00240,247.84,paid
C2804,INV00241,110.26,pending
C0869,INV00242,193.22,pending
C4694,INV00243,68.43,paid
C0806,INV00244,5.62,paid
C1934,INV00245,352.03,paid
C0703,INV00246,20.51,paid
C2523,INV00247,443.3,paid
C2639,INV00248,127.25,paid
C4582,INV00249,54.7,paid
C3909,INV00250,102.64,paid
C4801,INV00251,104.46,paid
C1164,INV00252,3.53,paid
C0619,INV00253,65.88,paid
C3066,INV00254,201.98,failed
C4872,INV00255,107.02,pending
C0446,INV00256,42.0,paid
C2337,INV00257,61.22,paid
C0208,INV00258,298.23,pending
C2460,INV00259,111.84,paid
C3442,INV00260,112.73,pending
C2711,INV00261,488.44,paid
C2337,INV00262,58.04,failed
C1291,INV00263,97.96,pending
C2198,INV00264,,paid
C1400,INV00265,213.39,paid
C4950,INV00266,46.35,paid
C2655,INV00267,24.57,paid
C4012,INV00268,180.95,paid
C0704,INV00269,44.69,paid
C0825,INV00270,383.96,paid
C1004,INV00271,20.76,paid
C3460,INV00272,57.48,pending
C0376,INV00273,8.45,paid
C0972,INV00274,182.26,paid
C4213,INV00275,,paid
C3076,INV00276,151.54,paid
C0443,INV00277,416.5,paid
C0754,INV00278,20.63,failed
C3604,INV00279,13.77,paid
C4735,INV00280,273.41,paid
C2171,INV00281,290.18,paid
C2705,INV00282,266.71,paid
C3465,INV00283,240.64,pending
C2711,INV00284,67.47,paid
C2407,INV00285,36.78,paid
C0622,INV00286,396.35,paid
C1723,INV00287,55.01,failed
C3322,INV00288,76.23,paid
C1919,INV00289,180.38,pending
C0918,INV00290,52.08,paid
C4215,INV00291,256.5,paid
C0581,INV00292,,paid
C3881,INV00293,234.94,paid
C1686,INV00294,138.14,paid
C3909,INV00295,127.64,paid
C1999,INV00296,91.98,paid
C2711,INV00297,48.66,pending
C0400,INV00298,93.56,paid
C3648,INV00299,89.68,paid
C2628,INV00300,131.47,paid
C1656,INV00301,,paid
C0620,INV00302,12.12,paid
C0246,INV00303,23.51,paid
C3339,INV00304,180.19,paid
C3010,INV00305,3.41,paid
C4719,INV00306,291.15,paid
C2368,INV00307,177.82,pending
C3994,INV00308,219.21,paid
C1839,INV00309,271.17,paid
C2903,INV00310,19.64,pending
C4395,INV00311,259.28,paid
C4498,INV00312,105.37,paid
C3691,INV00313,325.11,paid
C3841,INV00314,326.51,pending
C4348,INV00315,3.67,failed
C1392,INV00316,72.4,pending
C3750,INV00317,112.11,paid
C4255,INV00318,170.15,paid
C3008,INV00319,50.57,paid
C4300,INV00320,43.58,paid
C3338,INV00321,72.01,failed
C3514,INV00322,104.25,paid
C4953,INV00323,452.84,paid
C0759,INV00324,215.39,pending
C2768,INV00325,84.14,pending
C3088,INV00326,8.38,paid
C2115,INV00327,27.68,paid
C4228,INV00328,91.3,paid
C1723,INV00329,252.16,paid
C2966,INV00330,71.87,paid
C0429,INV00331,115.99,paid
C2355,INV00332,333.57,failed
C2459,INV00333,367.66,paid
C4192,INV00334,36.46,paid
C1718,INV00335,6.69,paid
C1265,INV00336,54.67,paid
C1308,INV00337,178.51,paid
C1050,INV00338,452.73,failed
C3473,INV00339,12.02,pending
C2249,INV00340,4.33,paid
C2809,INV00341,323.32,pending
C2921,INV00342,206.84,paid
C4676,INV00343,728.98,paid
C4041,INV00344,75.82,paid
C2417,INV00345,80.69,pending
C0532,INV00346,28.37,paid
C0898,INV00347,18.47,paid
C2654,INV00348,129.67,pending
C1469,INV00349,67.95,paid
C2920,INV00350,12.56,paid
C1252,INV00351,327.04,paid
C0769,INV00352,33.16,paid
C0833,INV00353,207.1,paid
C2209,INV00354,49.74,paid
C4649,INV00355,251.42,failed
C3424,INV00356,,paid
C1091,INV00357,211.63,paid
C1196,INV00358,15.49,paid
C3914,INV00359,88.84,pending
C1660,INV00360,198.64,failed
C4654,INV00361,28.53,paid
C0260,INV00362,50.46,paid
C2264,INV00363,,pending
C4900,INV00364,324.58,pending
C1185,INV00365,6.9,paid
C2449,INV00366,27.6,paid
C3533,INV00367,18.74,paid
C4370,INV00368,29.71,paid
C4301,INV00369,526.93,failed
C3344,INV00370,120.33,paid
C0866,INV00371,94.7,paid
C0092,INV00372,624.72,paid
C3178,INV00373,122.11,paid
C1351,INV00374,162.32,paid
C0364,INV00375,60.69,paid
C4916,INV00376,72.22,paid
C3718,INV00377,135.36,paid
C1924,INV00378,10.85,paid
C3095,INV00379,44.33,pending
C2538,INV00380,32.87,failed
C1296,INV00381,2.4,paid
C2276,INV00382,115.47,pending
C0002,INV00383,123.51,paid
C3492,INV00384,72.66,paid
C1753,INV00385,46.95,failed
C0910,INV00386,158.36,paid
C0306,INV00387,,paid
C4231,INV00388,109.66,failed
C4015,INV00389,219.2,pending
C1438,INV00390,26.92,paid
C0872,INV00391,209.91,failed
C1141,INV00392,214.56,paid
C0665,INV00393,9.27,paid
C0208,INV00394,2.84,paid
C0951,INV00395,547.08,paid
C1057,INV00396,32.24,paid
C4744,INV00397,259.01,paid
C4722,INV00398,123.78,paid
C4620,INV00399,46.08,paid
C4008,INV00400,20.88,paid
C1868,INV00401,102.98,paid
C4864,INV00402,78.47,failed
C0771,INV00403,180.04,paid
C4835,INV00404,351.77,paid
C4030,INV00405,245.4,paid
C0521,INV00406,48.12,pending
C3355,INV00407,316.71,paid
C1400,INV00408,268.82,paid
C3738,INV00409,397.05,paid
C4343,INV00410,92.06,paid
C3723,INV00411,219.53,paid
C3247,INV00412,134.35,paid
C1858,INV00413,55.77,failed
C4781,INV00414,778.58,paid
C4064,INV00415,5.86,pending
C4681,INV00416,26.56,failed
C2398,INV00417,334.6,failed
C0142,INV00418,9.37,failed
C2851,INV00419,326.82,pending
C3469,INV00420,188.41,paid
C3695,INV00421,5.61,paid
C0717,INV00422,84.14,paid
C0642,INV00423,210.65,pending
C3440,INV00424,131.24,paid
C2548,INV00425,412.03,paid
C3693,INV00426,303.34,paid
C0369,INV00427,60.67,pending
C3650,INV00428,13.26,pending
C0786,INV00429,433.05,paid
C0949,INV00430,109.25,paid
C0521,INV00431,11.6,paid
C2943,INV00432,254.39,paid
C0354,INV00433,304.32,paid
C2335,INV00434,153.01,paid
C1482,INV00435,89.0,failed
C1647,INV00436,162.78,paid
C3045,INV00437,183.98,paid
C4631,INV00438,335.28,pending
C2215,INV00439,468.06,paid
C4716,INV00440,108.33,paid
C0427,INV00441,240.29,paid
C2537,INV00442,500.77,failed
C0544,INV00443,24.6,paid
C2764,INV00444,2.77,paid
C4919,INV00445,304.84,failed
C3765,INV00446,32.59,pending
C0658,INV00447,6.51,paid
C2827,INV00448,26.17,pending
C2058,INV00449,72.7,failed
C3327,INV00450,37.13,failed
C0730,INV00451,54.63,failed
C1832,INV00452,555.11,paid
C0408,INV00453,182.82,paid
C4179,INV00454,186.82,paid
C3247,INV00455,14.92,paid
C4802,INV00456,197.57,failed
C0133,INV00457,201.68,pending
C4883,INV00458,161.71,paid
C4959,INV00459,,paid
C0666,INV00460,82.5,paid
C0276,INV00461,280.89,paid
C3307,INV00462,166.39,pending
C0881,INV00463,197.95,paid
C2060,INV00464,132.78,paid
C2082,INV00465,89.56,paid
C1237,INV00466,213.48,paid
C2452,INV00467,10.55,failed
C0158,INV00468,167.74,paid
C2596,INV00469,881.96,failed
C3815,INV00470,227.25,paid
C4374,INV00471,51.49,paid
C2526,INV00472,48.82,paid
C0110,INV00473,165.04,pending
C0541,INV00474,339.29,paid
C1138,INV00475,129.39,paid
C3283,INV00476,112.43,paid
C3610,INV00477,26.22,paid
C4455,INV00478,188.53,paid
C3557,INV00479,181.75,paid
C2419,INV00480,511.47,paid
C1756,INV00481,53.54,paid
C3086,INV00482,211.86,paid
C2306,INV00483,85.39,paid
C0975,INV00484,122.63,failed
C0722,INV00485,254.29,paid
C2570,INV00486,37.65,failed
C0324,INV00487,62.98,paid
C1529,INV00488,222.62,pending
C1945,INV00489,126.76,paid
C4486,INV00490,14.55,paid
C2430,INV00491,84.37,pending
C4111,INV00492,132.51,pending
C3510,INV00493,360.39,pending
C0845,INV00494,31.33,pending
C4964,INV00495,245.95,paid
C0567,INV00496,21.0,paid
C3688,INV00497,41.61,paid
C2179,INV00498,41.83,pending
C2019,INV00499,314.92,paid
C3319,INV00500,33.29,failed
C2320,INV00501,231.94,paid
C1646,INV00502,92.93,paid
C4003,INV00503,1050.44,paid
C3909,INV00504,274.04,paid
C3420,INV00505,201.89,pending
C2531,INV00506,306.87,paid
C0356,INV00507,150.78,failed
C3081,INV00508,278.35,pending
C2280,INV00509,45.39,paid
C4131,INV00510,15.42,pending
C2460,INV00511,143.54,paid
C2787,INV00512,85.56,paid
C4209,INV00513,83.38,paid
C1197,INV00514,,paid
C1278,INV00515,67.27,paid
C0465,INV00516,147.55,pending
C4000,INV00517,4.66,paid
C3348,INV00518,525.44,paid
C1487,INV00519,387.96,paid
C4942,INV00520,410.63,paid
C4597,INV00521,68.12,pending
C4536,INV00522,113.86,pending
C0325,INV00523,462.29,paid
C1765,INV00524,348.95,pending
C4162,INV00525,234.27,paid
C0303,INV00526,78.47,paid
C4579,INV00527,124.63,paid
C1440,INV00528,236.19,paid
C0148,INV00529,47.83,pending
C3034,INV00530,147.71,paid
C2631,INV00531,263.98,paid
C0095,INV00532,184.37,paid
C3455,INV00533,97.94,paid
C4377,INV00534,131.78,paid
C2369,INV00535,672.12,paid
C3467,INV00536,138.19,failed
C0528,INV00537,231.0,pending
C2310,INV00538,194.53,paid
C4675,INV00539,181.34,pending
C1663,INV00540,189.01,paid
C3364,INV00541,90.88,paid
C2341,INV00542,96.41,paid
C4905,INV00543,94.63,paid
C0692,INV00544,5.07,pending
C4330,INV00545,41.38,paid
C0951,INV00546,25.19,pending
C1360,INV00547,326.32,paid
C0538,INV00548,48.23,paid
C0819,INV00549,22.35,pending
C3162,INV00550,19.14,paid
C3925,INV00551,180.59,paid
C0271,INV00552,0.92,paid
C1028,INV00553,95.6,paid
C3665,INV00554,18.98,failed
C1242,INV00555,284.23,paid
C1141,INV00556,477.13,paid
C0592,INV00557,478.23,pending
C1605,INV00558,87.5,paid
C4210,INV00559,155.14,paid
C3377,INV00560,137.33,paid
C4071,INV00561,64.63,paid
C4302,INV00562,88.07,paid
C3694,INV00563,9.97,paid
C2350,INV00564,238.22,pending
C4207,INV00565,41.32,paid
C1440,INV00566,92.57,paid
C3626,INV00567,98.27,paid
C1882,INV00568,123.39,paid
C3711,INV00569,255.46,failed
C0184,INV00570,176.59,paid
C4996,INV00571,163.18,paid
C0220,INV00572,112.22,paid
C3188,INV00573,15.13,paid
C1093,INV00574,77.13,paid
C2945,INV00575,473.09,paid
C2474,INV00576,812.16,paid
C2615,INV00577,196.68,paid
C2012,INV00578,38.72,paid
C2490,INV00579,16.12,paid
C0600,INV00580,80.36,paid
C1160,INV00581,291.29,failed
C4599,INV00582,191.95,paid
C4313,INV00583,322.99,failed
C2735,INV00584,143.48,paid
C2218,INV00585,20.95,pending
C4707,INV00586,18.29,paid
C1152,INV00587,7.38,paid
C0056,INV00588,125.58,paid
C1204,INV00589,41.74,paid
C4341,INV00590,198.86,paid
C0143,INV00591,173.87,paid
C0367,INV00592,57.43,paid
C1482,INV00593,29.18,paid
C0615,INV00594,16.2,paid
C3638,INV00595,200.52,paid
C3328,INV00596,89.8,paid
C3227,INV00597,58.63,paid
C1588,INV00598,291.37,paid
C2489,INV00599,135.07,paid
C3003,INV00600,109.47,paid
C0698,INV00601,204.02,paid
C4971,INV00602,253.58,failed
C2823,INV00603,173.79,paid
C0944,INV00604,86.97,failed
C3881,INV00605,71.54,paid
C0922,INV00606,221.54,failed
C1746,INV00607,109.44,pending
C4120,INV00608,182.81,paid
C2853,INV00609,331.64,paid
C1559,INV00610,371.35,paid
C1083,INV00611,48.8,paid
C3538,INV00612,31.22,failed
C0433,INV00613,45.43,failed
C2926,INV00614,208.77,pending
C1089,INV00615,69.32,pending
C2957,INV00616,28.56,failed
C2612,INV00617,15.54,paid
C4191,INV00618,59.47,paid
C3759,INV00619,,paid
C4263,INV00620,25.51,paid
C2089,INV00621,172.75,paid
C1902,INV00622,2.99,paid
C2567,INV00623,18.76,paid
C1998,INV00624,279.04,paid
C3114,INV00625,279.57,pending
C2994,INV00626,59.9,paid
C2010,INV00627,13.81,paid
C4844,INV00628,183.1,pending
C1891,INV00629,66.97,paid
C0830,INV00630,6.98,paid
C0048,INV00631,25.77,paid
C4210,INV00632,22.14,paid
C1178,INV00633,133.42,failed
C3033,INV00634,342.59,paid
C0070,INV00635,236.31,paid
C0066,INV00636,118.62,paid
C1777,INV00637,82.27,pending
C2228,INV00638,,paid
C1789,INV00639,88.0,pending
C0612,INV00640,42.37,paid
C1886,INV00641,170.54,pending
C1622,INV00642,309.82,pending
C0696,INV00643,69.99,pending
C1237,INV00644,276.34,paid
C2406,INV00645,84.6,pending
C0248,INV00646,76.96,paid
C0637,INV00647,4.31,pending
C0949,INV00648,178.25,paid
C1904,INV00649,247.15,paid
C3587,INV00650,163.4,paid
C1111,INV00651,24.62,paid
C0175,INV00652,16.35,paid
C0722,INV00653,127.6,paid
C3842,INV00654,77.0,paid
C3674,INV00655,84.08,pending
C4866,INV00656,,paid
C1947,INV00657,193.06,paid
C0702,INV00658,79.6,pending
C2128,INV00659,2.89,paid
C0926,INV00660,5.2,paid
C4233,INV00661,173.18,paid
C3504,INV00662,272.78,paid
C2517,INV00663,184.5,paid
C2397,INV00664,78.1,paid
C1149,INV00665,4.74,failed
C3380,INV00666,513.52,paid
C1878,INV00667,643.95,paid
C1253,INV00668,119.56,pending
C1483,INV00669,10.99,paid
C0309,INV00670,116.8,paid
C3952,INV00671,334.31,pending
C3049,INV00672,170.91,paid
C1564,INV00673,190.94,failed
C1500,INV00674,13.32,paid
C4865,INV00675,16.89,pending
C0015,INV00676,20.43,paid
C0605,INV00677,352.1,paid
C1381,INV00678,111.93,paid
C4908,INV00679,235.23,failed
C3383,INV00680,18.37,pending
C0894,INV00681,393.92,paid
C1567,INV00682,258.17,failed
C0413,INV00683,38.19,paid
C4120,INV00684,310.94,paid
C2004,INV00685,45.87,paid
C0315,INV00686,34.48,pending
C4666,INV00687,46.03,pending
C4820,INV00688,361.12,paid
C3055,INV00689,370.81,failed
C1849,INV00690,59.85,paid
C1953,INV00691,183.34,paid
C0388,INV00692,168.93,paid
C2769,INV00693,246.42,failed
C4539,INV00694,52.76,paid
C3046,INV00695,107.04,paid
C2415,INV00696,165.25,paid
C2389,INV00697,3.99,paid
C0303,INV00698,70.92,paid
C0763,INV00699,178.55,paid
C1973,INV00700,43.67,failed
C0815,INV00701,474.46,paid
C0877,INV00702,4.59,paid
C4798,INV00703,475.82,pending
C2326,INV00704,36.65,paid
C2429,INV00705,7.51,failed
C2060,INV00706,51.9,paid
C4398,INV00707,231.46,paid
C1579,INV00708,209.42,paid
C4255,INV00709,35.14,pending
C2201,INV00710,32.87,failed
C3597,INV00711,154.33,paid
C1203,INV00712,91.9,paid
C2424,INV00713,235.74,paid
C3875,INV00714,3.66,paid
C2823,INV00715,141.4,paid
C3285,INV00716,196.77,paid
C2063,INV00717,752.79,paid
C1979,INV00718,170.35,paid
C4348,INV00719,39.56,pending
C3131,INV00720,17.17,paid
C3092,INV00721,153.63,paid
C4826,INV00722,111.09,paid
C3664,INV00723,344.11,paid
C2336,INV00724,194.53,pending
C3614,INV00725,106.92,paid
C0497,INV00726,77.52,paid
C3817,INV00727,77.72,paid
C4643,INV00728,38.49,pending
C0131,INV00729,2.62,paid
C0857,INV00730,128.32,paid
C0520,INV00731,35.82,paid
C0029,INV00732,35.04,paid
C3396,INV00733,20.1,paid
C4604,INV00734,31.53,paid
C1260,INV00735,4.85,pending
C1558,INV00736,168.24,pending
C0015,INV00737,76.97,paid
C3605,INV00738,123.67,paid
C1607,INV00739,151.99,paid
C3517,INV00740,538.95,paid
C2016,INV00741,10.61,paid
C3574,INV00742,81.17,paid
C1743,INV00743,42.33,paid
C3791,INV00744,97.14,paid
C3634,INV00745,379.75,paid
C1088,INV00746,193.09,paid
C1361,INV00747,162.68,paid
C3372,INV00748,87.31,failed
C4473,INV00749,166.81,paid
C0475,INV00750,4.94,pending
C1289,INV00751,132.37,paid
C0328,INV00752,121.04,pending
C4044,INV00753,63.84,paid
C1839,INV00754,33.76,failed
C1186,INV00755,247.19,paid
C4533,INV00756,8.31,paid
C3414,INV00757,10.83,paid
C3536,INV00758,87.11,paid
C1773,INV00759,,paid
C2063,INV00760,205.24,paid
C1844,INV00761,150.85,paid
C4963,INV00762,222.11,paid
C2558,INV00763,58.89,paid
C1262,INV00764,202.36,paid
C3291,INV00765,297.41,paid
C1018,INV00766,63.53,failed
C1789,INV00767,62.3,failed
C3524,INV00768,345.31,pending
C3504,INV00769,7.66,pending
C0806,INV00770,64.66,paid
C2666,INV00771,18.95,failed
C0404,INV00772,4.41,paid
C0593,INV00773,17.96,paid
C3949,INV00774,84.65,pending
C4107,INV00775,174.21,paid
C3280,INV00776,51.22,paid
C2212,INV00777,284.24,paid
C1542,INV00778,86.34,paid
C0613,INV00779,,paid
C0868,INV00780,462.38,paid
C0811,INV00781,222.6,paid
C1822,INV00782,404.13,paid
C4862,INV00783,184.19,paid
C4177,INV00784,338.9,paid
C1744,INV00785,40.47,failed
C2256,INV00786,63.56,paid
C4042,INV00787,209.71,pending
C3667,INV00788,82.89,paid
C0521,INV00789,272.4,paid
C1525,INV00790,315.12,paid
C1469,INV00791,53.44,paid
C2675,INV00792,260.12,paid
C1513,INV00793,25.13,paid
C4876,INV00794,61.01,paid
C1451,INV00795,109.46,paid
C4654,INV00796,38.51,paid
C3430,INV00797,129.86,failed
C3007,INV00798,129.66,paid
C3124,INV00799,34.77,pending
C1753,INV00800,238.18,pending
C4955,INV00801,149.81,paid
C1612,INV00802,57.36,pending
C3275,INV00803,39.63,failed
C0555,INV00804,,paid
C4251,INV00805,270.95,paid
C2049,INV00806,39.16,paid
C0824,INV00807,5.44,paid
C2849,INV00808,244.85,paid
C3030,INV00809,143.38,failed
C1081,INV00810,15.95,pending
C3325,INV00811,132.78,paid
C0492,INV00812,90.27,paid
C4764,INV00813,223.45,failed
C0074,INV00814,35.18,paid
C2991,INV00815,90.54,paid
C3360,INV00816,25.48,paid
C0370,INV00817,473.83,paid
C4682,INV00818,226.26,paid
C0328,INV00819,200.18,paid
C4685,INV00820,175.78,paid
C1790,INV00821,82.57,paid
C0776,INV00822,385.14,paid
C2022,INV00823,11.36,paid
C4674,INV00824,243.88,pending
C4316,INV00825,36.36,paid
C1187,INV00826,58.74,paid
C1503,INV00827,109.92,paid
C3291,INV00828,228.94,paid
C3325,INV00829,273.52,failed
C0187,INV00830,131.46,paid
C1214,INV00831,77.38,paid
C3286,INV00832,439.22,pending
C3446,INV00833,42.46,paid
C1109,INV00834,243.75,paid
C2521,INV00835,142.03,paid
C4939,INV00836,,pending
C3879,INV00837,0.21,paid
C0530,INV00838,88.75,pending
C1070,INV00839,48.59,paid
C3136,INV00840,16.53,paid
C0962,INV00841,11.72,failed
C1405,INV00842,64.06,paid
C3137,INV00843,143.08,pending
C0516,INV00844,272.58,pending
C3164,INV00845,30.42,failed
C1491,INV00846,82.91,paid
C3689,INV00847,74.63,paid
C4228,INV00848,108.05,pending
C4409,INV00849,248.78,paid
C0590,INV00850,121.0,paid
C1543,INV00851,281.26,paid
C3056,INV00852,109.64,paid
C2206,INV00853,138.89,paid
C3339,INV00854,86.27,paid
C2708,INV00855,259.82,paid
C4029,INV00856,386.21,paid
C0747,INV00857,152.89,paid
C0800,INV00858,257.87,pending
C1497,INV00859,9.12,pending
C1379,INV00860,354.85,paid
C0679,INV00861,31.41,paid
C3770,INV00862,44.46,paid
C3342,INV00863,8.22,paid
C0896,INV00864,504.59,pending
C1546,INV00865,286.59,pending
C3126,INV00866,366.6,pending
C0683,INV00867,281.81,paid
C1295,INV00868,97.95,paid
C1385,INV00869,386.72,paid
C0942,INV00870,523.37,paid
C3280,INV00871,104.74,paid
C1033,INV00872,28.97,paid
C2786,INV00873,161.21,paid
C2233,INV00874,555.98,paid
C3645,INV00875,308.53,paid
C1620,INV00876,296.87,paid
C3535,INV00877,407.3,failed
C3205,INV00878,336.58,paid
C2882,INV00879,224.61,paid
C4904,INV00880,190.02,paid
C0170,INV00881,46.14,failed
C1553,INV00882,145.67,paid
C3897,INV00883,110.56,pending
C1595,INV00884,297.01,paid
C1623,INV00885,101.51,pending
C4122,INV00886,20.5,paid
C1091,INV00887,0.75,paid
C2837,INV00888,169.92,paid
C0407,INV00889,119.75,paid
C4169,INV00890,60.29,pending
C0679,INV00891,27.76,paid
C4944,INV00892,94.3,paid
C4965,INV00893,15.85,failed
C0236,INV00894,61.45,paid
C2774,INV00895,71.51,failed
C3437,INV00896,94.0,paid
C3357,INV00897,94.28,failed
C2877,INV00898,44.56,paid
C2423,INV00899,284.78,paid
C4714,INV00900,65.9,paid
C3147,INV00901,39.12,paid
C1032,INV00902,29.0,paid
C2854,INV00903,58.42,paid
C2940,INV00904,10.49,failed
C3701,INV00905,5.02,failed
C4070,INV00906,139.38,failed
C3132,INV00907,144.8,failed
C3460,INV00908,113.12,pending
C4942,INV00909,215.5,failed
C1923,INV00910,5.99,pending
C0633,INV00911,412.27,paid
C4103,INV00912,14.98,pending
C1392,INV00913,168.14,failed
C3446,INV00914,21.48,pending
C3098,INV00915,317.92,paid
C4944,INV00916,107.22,paid
C0061,INV00917,,pending
C2469,INV00918,143.85,failed
C1817,INV00919,1.37,paid
C0632,INV00920,224.43,paid
C4887,INV00921,157.72,paid
C2598,INV00922,35.86,paid
C3451,INV00923,,paid
C1300,INV00924,1.18,paid
C2653,INV00925,177.47,failed
C1454,INV00926,58.44,paid
C1138,INV00927,127.15,paid
C3192,INV00928,471.04,failed
C4620,INV00929,53.39,paid
C4994,INV00930,694.39,paid
C2210,INV00931,150.25,paid
C4882,INV00932,41.58,paid
C3759,INV00933,86.11,pending
C3029,INV00934,202.32,failed
C1360,INV00935,88.72,paid
C2426,INV00936,10.65,paid
C4268,INV00937,27.7,paid
C0063,INV00938,235.03,pending
C1345,INV00939,156.78,pending
C0974,INV00940,126.53,paid
C4161,INV00941,27.52,paid
C3628,INV00942,272.8,failed
C1622,INV00943,485.63,failed
C0457,INV00944,6.26,paid
C3330,INV00945,12.19,pending
C1740,INV00946,324.06,paid
C3026,INV00947,253.56,paid
C1954,INV00948,144.32,paid
C0279,INV00949,434.97,paid
C2391,INV00950,155.95,paid
C1040,INV00951,36.5,paid
C0961,INV00952,195.65,paid
C3845,INV00953,155.65,paid
C1217,INV00954,637.59,paid
C3220,INV00955,,paid
C0374,INV00956,136.65,pending
C4130,INV00957,227.23,paid
C1392,INV00958,62.1,paid
C2076,INV00959,71.63,failed
C0774,INV00960,328.26,paid
C4316,INV00961,77.68,paid
C3424,INV00962,147.02,paid
C2123,INV00963,330.06,pending
C4589,INV00964,35.33,pending
C3593,INV00965,601.59,paid
C0279,INV00966,181.58,paid
C4841,INV00967,102.81,paid
C2811,INV00968,84.56,failed
C2342,INV00969,463.06,paid
C1474,INV00970,34.55,pending
C1857,INV00971,56.03,paid
C2889,INV00972,55.18,paid
C1059,INV00973,51.16,failed
C1922,INV00974,94.82,pending
C3799,INV00975,678.94,paid
C4592,INV00976,329.45,paid
C2473,INV00977,59.61,paid
C4139,INV00978,82.45,paid
C1851,INV00979,166.06,paid
C3541,INV00980,2.6,paid
C4549,INV00981,257.35,paid
C0594,INV00982,317.79,paid
C0506,INV00983,291.95,paid
C4889,INV00984,70.51,paid
C0020,INV00985,92.98,paid
C1399,INV00986,1.87,pending
C3201,INV00987,76.47,paid
C2461,INV00988,92.55,paid
C3678,INV00989,356.23,paid
C0336,INV00990,336.63,paid
C1667,INV00991,507.64,paid
C3576,INV00992,324.56,paid
C0909,INV00993,1.24,paid
C0275,INV00994,153.86,pending
C0891,INV00995,10.6,failed
C0012,INV00996,47.74,paid
C4057,INV00997,129.52,paid
C3025,INV00998,180.9,paid
C0973,INV00999,159.47,paid
C4270,INV01000,7.55,paid
C3970,INV01001,16.41,paid
C1408,INV01002,20.65,paid
C1943,INV01003,14.38,failed
C2288,INV01004,29.45,paid
C0546,INV01005,174.95,paid
C1218,INV01006,266.53,pending
C1420,INV01007,78.84,paid
C1454,INV01008,177.03,paid
C3377,INV01009,33.47,paid
C2772,INV01010,543.35,paid
C4098,INV01011,64.62,paid
C2738,INV01012,280.49,paid
C3747,INV01013,436.07,paid
C1842,INV01014,300.05,paid
C0746,INV01015,10.41,failed
C2816,INV01016,157.61,paid
C0871,INV01017,19.19,paid
C0494,INV01018,0.85,failed
C3444,INV01019,7.98,paid
C4723,INV01020,371.81,paid
C1075,INV01021,358.65,paid
C3994,INV01022,38.39,paid
C4237,INV01023,118.8,paid
C0045,INV01024,465.26,paid
C3056,INV01025,102.99,failed
C2057,INV01026,75.03,paid
C0663,INV01027,99.03,paid
C4668,INV01028,234.25,paid
C2029,INV01029,,paid
C2696,INV01030,229.37,paid
C0639,INV01031,84.77,paid
C2663,INV01032,43.55,paid
C2745,INV01033,59.28,paid
C4964,INV01034,12.15,failed
C4948,INV01035,103.19,pending
C4402,INV01036,24.04,paid
C2595,INV01037,250.34,pending
C3427,INV01038,81.86,paid
C0394,INV01039,217.23,pending
C3597,INV01040,463.38,paid
C4844,INV01041,284.05,paid
C2332,INV01042,453.82,pending
C0329,INV01043,125.88,paid
C2097,INV01044,27.11,pending
C0772,INV01045,410.92,paid
C1645,INV01046,304.32,paid
C1732,INV01047,299.72,paid
C4473,INV01048,177.27,failed
C1787,INV01049,147.09,paid
C1623,INV01050,2.23,paid
C0999,INV01051,206.78,pending
C1848,INV01052,14.4,failed
C1561,INV01053,45.12,pending
C0773,INV01054,120.27,paid
C1803,INV01055,90.15,failed
C1098,INV01056,2.39,pending
C2050,INV01057,260.58,pending
C1598,INV01058,316.55,paid
C0747,INV01059,171.8,paid
C3973,INV01060,116.83,paid
C2322,INV01061,485.62,paid
C1553,INV01062,19.17,paid
C1615,INV01063,200.86,paid
C3754,INV01064,20.61,paid
C4424,INV01065,,paid
C2302,INV01066,132.1,paid
C4221,INV01067,200.39,paid
C4862,INV01068,0.56,pending
C3655,INV01069,45.29,paid
C3395,INV01070,115.89,paid
C0216,INV01071,114.17,paid
C3316,INV01072,152.26,paid
C1359,INV01073,54.33,pending
C3774,INV01074,116.65,paid
C4927,INV01075,,paid
C4277,INV01076,31.03,paid
C4429,INV01077,128.9,pending
C4606,INV01078,173.5,paid
C4478,INV01079,19.24,paid
C1896,INV01080,19.65,paid
C4427,INV01081,124.97,paid
C0899,INV01082,47.23,paid
C0641,INV01083,74.74,paid
C4729,INV01084,76.81,paid
C3627,INV01085,29.5,paid
C0195,INV01086,0.2,paid
C1893,INV01087,287.75,paid
C3275,INV01088,188.29,paid
C4050,INV01089,175.94,paid
C4553,INV01090,118.62,paid
C4925,INV01091,181.08,pending
C2304,INV01092,411.6,paid
C3600,INV01093,164.35,paid
C3343,INV01094,46.2,paid
C2056,INV01095,126.79,paid
C2808,INV01096,87.6,paid
C1224,INV01097,121.93,paid
C0886,INV01098,109.35,paid
C0392,INV01099,293.61,failed
C1675,INV01100,158.25,paid
C3190,INV01101,31.38,paid
C2446,INV01102,9.76,pending
C3905,INV01103,82.84,paid
C3338,INV01104,2.36,pending
C3591,INV01105,57.47,paid
C3766,INV01106,,paid
C2527,INV01107,70.64,paid
C2181,INV01108,582.01,failed
C3764,INV01109,54.34,pending
C0354,INV01110,46.23,paid
C2631,INV01111,,paid
C1521,INV01112,107.31,paid
C2672,INV01113,25.03,paid
C3178,INV01114,143.68,pending
C2337,INV01115,25.29,paid
C0628,INV01116,128.94,paid
C2679,INV01117,262.54,failed
C4422,INV01118,6.52,failed
C1438,INV01119,81.64,paid
C1421,INV01120,92.72,paid
C1126,INV01121,234.86,failed
C2683,INV01122,94.64,paid
C1780,INV01123,125.74,paid
C1531,INV01124,234.96,paid
C1914,INV01125,123.06,pending
C1232,INV01126,66.55,paid
C1956,INV01127,13.46,paid
C0392,INV01128,196.35,paid
C0825,INV01129,307.35,failed
C2963,INV01130,526.31,pending
C2395,INV01131,391.77,pending
C4145,INV01132,239.49,paid
C4895,INV01133,154.7,failed
C1792,INV01134,228.12,pending
C3064,INV01135,84.87,pending
C1363,INV01136,135.5,failed
C2348,INV01137,64.32,paid
C3551,INV01138,59.34,paid
C3628,INV01139,212.01,failed
C3336,INV01140,90.75,pending
C1565,INV01141,35.77,paid
C3667,INV01142,33.84,paid
C2213,INV01143,294.03,paid
C4096,INV01144,169.87,paid
C1019,INV01145,118.46,paid
C1284,INV01146,76.86,pending
C0062,INV01147,84.53,paid
C2530,INV01148,8.87,paid
C3392,INV01149,91.02,paid
C3272,INV01150,238.05,paid
C2269,INV01151,73.65,paid
C4247,INV01152,72.57,paid
C0643,INV01153,2.38,paid
C4721,INV01154,91.83,paid
C0216,INV01155,3.85,paid
C0195,INV01156,126.72,paid
C3864,INV01157,106.02,paid
C3273,INV01158,274.9,paid
C2694,INV01159,130.76,failed
C3212,INV01160,58.61,paid
C2755,INV01161,108.92,pending
C1521,INV01162,180.45,paid
C1080,INV01163,14.8,pending
C0721,INV01164,145.56,paid
C1562,INV01165,372.66,paid
C0639,INV01166,53.31,paid
C4260,INV01167,147.78,paid
C4310,INV01168,258.33,paid
C3787,INV01169,107.56,paid
C3736,INV01170,189.87,pending
C0089,INV01171,55.88,paid
C2921,INV01172,54.81,paid
C1251,INV01173,165.21,paid
C1102,INV01174,183.33,pending
C4703,INV01175,414.72,paid
C0348,INV01176,38.2,paid
C3913,INV01177,94.73,paid
C4052,INV01178,43.26,paid
C2941,INV01179,12.52,pending
C0245,INV01180,77.43,pending
C0271,INV01181,70.28,paid
C2030,INV01182,47.3,paid
C4498,INV01183,52.86,paid
C3187,INV01184,67.04,paid
C3506,INV01185,674.28,paid
C1465,INV01186,229.15,paid
C1195,INV01187,11.11,paid
C3087,INV01188,308.84,pending
C3008,INV01189,150.48,paid
C3823,INV01190,331.9,failed
C1614,INV01191,62.72,pending
C1126,INV01192,93.69,pending
C4379,INV01193,339.83,paid
C0516,INV01194,47.74,failed
C2665,INV01195,370.65,pending
C1301,INV01196,264.48,paid
C0611,INV01197,591.05,paid
C0749,INV01198,58.79,paid
C1856,INV01199,40.33,failed
C0399,INV01200,60.27,pending
C1526,INV01201,,failed
C2024,INV01202,60.76,pending
C0319,INV01203,124.93,paid
C0335,INV01204,77.55,paid
C2098,INV01205,75.68,paid
C0173,INV01206,32.24,paid
C4019,INV01207,115.53,paid
C1641,INV01208,283.97,failed
C0500,INV01209,7.61,failed
C3646,INV01210,330.04,paid
C2363,INV01211,164.26,paid
C1856,INV01212,143.86,paid
C3152,INV01213,147.48,paid
C1896,INV01214,52.7,paid
C1718,INV01215,80.46,paid
C1778,INV01216,,failed
C4792,INV01217,54.87,pending
C3057,INV01218,95.24,pending
C4827,INV01219,2.97,paid
C2713,INV01220,198.39,paid
C3828,INV01221,81.12,paid
C4747,INV01222,111.78,pending
C1094,INV01223,18.27,failed
C0045,INV01224,718.98,paid
C1445,INV01225,54.03,pending
C2196,INV01226,151.17,paid
C3201,INV01227,130.57,paid
C0455,INV01228,230.63,pending
C1662,INV01229,52.19,pending
C2924,INV01230,211.54,paid
C0965,INV01231,72.31,paid
C4964,INV01232,79.44,paid
C1528,INV01233,167.54,paid
C2976,INV01234,230.07,failed
C3071,INV01235,164.88,paid
C4869,INV01236,345.21,paid
C2521,INV01237,50.35,paid
C1126,INV01238,346.32,failed
C3404,INV01239,21.04,pending
C4492,INV01240,161.61,pending
C2343,INV01241,118.99,paid
C0106,INV01242,102.37,pending
C2577,INV01243,55.86,paid
C3154,INV01244,105.1,paid
C4383,INV01245,26.47,failed
C4053,INV01246,69.14,paid
C4801,INV01247,15.58,paid
C0214,INV01248,127.24,paid
C4439,INV01249,15.1,paid
C4289,INV01250,26.21,paid
C4253,INV01251,13.4,failed
C0464,INV01252,72.02,paid
C2372,INV01253,276.73,paid
C0591,INV01254,356.11,pending
C2188,INV01255,11.19,failed
C0883,INV01256,150.99,paid
C4158,INV01257,172.99,paid
C0303,INV01258,114.46,paid
C4491,INV01259,164.94,paid
C0333,INV01260,39.93,paid
C2833,INV01261,100.9,paid
C4506,INV01262,74.36,paid
C2331,INV01263,14.1,paid
C4561,INV01264,147.35,paid
C0079,INV01265,102.54,paid
C3763,INV01266,48.27,paid
C2831,INV01267,96.28,paid
C1977,INV01268,223.95,paid
C0732,INV01269,242.66,paid
C3976,INV01270,157.27,paid
C1817,INV01271,94.6,pending
C1384,INV01272,128.61,paid
C2124,INV01273,72.92,paid
C1198,INV01274,20.3,paid
C2292,INV01275,73.07,paid
C4217,INV01276,113.36,pending
C0184,INV01277,137.01,paid
C4127,INV01278,411.87,paid
C0997,INV01279,225.31,paid
C1986,INV01280,,failed
C2809,INV01281,28.71,pending
C4664,INV01282,15.89,paid
C2357,INV01283,201.02,paid
C1679,INV01284,183.69,failed
C4925,INV01285,644.24,failed
C3039,INV01286,110.73,paid
C4886,INV01287,262.66,paid
C2511,INV01288,128.86,paid
C3527,INV01289,310.82,paid
C3026,INV01290,191.49,paid
C2745,INV01291,154.45,paid
C4173,INV01292,124.9,failed
C2581,INV01293,192.54,paid
C4203,INV01294,81.62,pending
C2811,INV01295,15.23,paid
C4090,INV01296,6.12,pending
C0369,INV01297,97.81,paid
C3743,INV01298,137.18,paid
C2004,INV01299,12.32,paid
C1703,INV01300,50.72,paid
C3324,INV01301,58.3,pending
C0440,INV01302,124.1,paid
C3257,INV01303,48.96,paid
C2906,INV01304,15.08,paid
C0226,INV01305,27.02,pending
C2401,INV01306,28.66,paid
C4718,INV01307,277.44,paid
C1024,INV01308,50.18,paid
C3491,INV01309,188.13,paid
C4256,INV01310,125.84,pending
C0870,INV01311,566.09,paid
C3199,INV01312,47.79,paid
C1745,INV01313,25.86,paid
C0443,INV01314,8.02,paid
C4558,INV01315,41.36,paid
C0472,INV01316,172.84,paid
C0079,INV01317,13.37,paid
C0239,INV01318,42.1,paid
C4652,INV01319,289.97,paid
C0589,INV01320,131.18,paid
C1360,INV01321,10.81,paid
C1884,INV01322,7.33,pending
C2316,INV01323,9.46,pending
C4430,INV01324,426.77,paid
C0311,INV01325,284.44,paid
C1076,INV01326,279.59,paid
C0033,INV01327,386.98,failed
C1841,INV01328,105.56,pending
C4481,INV01329,42.62,paid
C0248,INV01330,76.96,paid
C1134,INV01331,190.34,paid
C4889,INV01332,313.16,paid
C4947,INV01333,85.66,pending
C0375,INV01334,114.98,paid
C0723,INV01335,402.76,pending
C1913,INV01336,17.06,paid
C4297,INV01337,297.4,paid
C2492,INV01338,26.03,paid
C1942,INV01339,,paid
C4004,INV01340,36.97,failed
C2344,INV01341,138.55,paid
C1331,INV01342,122.66,paid
C4588,INV01343,71.71,paid
C0337,INV01344,298.5,paid
C1865,INV01345,161.74,paid
C3137,INV01346,191.59,failed
C0791,INV01347,24.49,paid
C3611,INV01348,322.05,paid
C3700,INV01349,27.42,pending
C1516,INV01350,,paid
C3953,INV01351,20.55,paid
C3908,INV01352,87.07,paid
C2673,INV01353,328.0,paid
C2122,INV01354,43.64,failed
C3785,INV01355,70.2,paid
C0058,INV01356,280.69,paid
C2433,INV01357,144.28,paid
C2062,INV01358,208.92,paid
C1254,INV01359,36.12,paid
C3688,INV01360,189.08,paid
C3748,INV01361,38.74,pending
C4130,INV01362,655.09,paid
C4257,INV01363,123.11,paid
C3029,INV01364,178.43,paid
C2846,INV01365,,paid
C4990,INV01366,43.28,paid
C0470,INV01367,22.58,paid
C4035,INV01368,74.19,paid
C2899,INV01369,50.14,paid
C1446,INV01370,198.03,paid
C4443,INV01371,17.26,paid
C4789,INV01372,209.18,paid
C0912,INV01373,7.02,failed
C4242,INV01374,33.85,paid
C1711,INV01375,235.51,failed
C0674,INV01376,203.67,paid
C1439,INV01377,97.03,failed
C2734,INV01378,7.69,paid
C3630,INV01379,141.2,paid
C0685,INV01380,78.31,failed
C1126,INV01381,57.09,paid
C4216,INV01382,153.42,paid
C2466,INV01383,,pending
C2397,INV01384,14.55,paid
C4137,INV01385,371.45,paid
C3438,INV01386,226.1,paid
C4124,INV01387,8.7,paid
C0965,INV01388,111.69,paid
C0919,INV01389,13.06,failed
C4913,INV01390,272.37,paid
C2872,INV01391,142.4,pending
C1508,INV01392,28.39,paid
C1212,INV01393,3.14,pending
C0871,INV01394,4.81,paid
C4390,INV01395,106.2,pending
C3254,INV01396,,paid
C0863,INV01397,,pending
C3953,INV01398,37.52,paid
C3108,INV01399,59.46,paid
C3055,INV01400,36.9,paid
C3994,INV01401,74.47,paid
C2682,INV01402,123.02,paid
C4690,INV01403,173.25,paid
C0613,INV01404,497.7,paid
C1872,INV01405,400.71,paid
C3154,INV01406,126.64,paid
C4560,INV01407,198.72,paid
C3373,INV01408,,pending
C3191,INV01409,13.07,failed
C0567,INV01410,0.85,paid
C4133,INV01411,4.54,paid
C0244,INV01412,124.29,paid
C0020,INV01413,,pending
C0393,INV01414,68.61,paid
C3814,INV01415,118.2,paid
C2055,INV01416,108.96,paid
C3515,INV01417,14.94,pending
C2375,INV01418,58.2,paid
C1910,INV01419,2.94,paid
C0289,INV01420,17.6,paid
C2558,INV01421,250.58,paid
C0360,INV01422,265.28,paid
C1622,INV01423,242.88,paid
C4314,INV01424,194.64,failed
C4094,INV01425,236.48,paid
C2453,INV01426,166.75,failed
C2015,INV01427,166.22,paid
C2040,INV01428,165.1,paid
C2044,INV01429,108.25,pending
C2800,INV01430,67.73,paid
C2970,INV01431,196.51,paid
C0831,INV01432,53.21,pending
C1793,INV01433,117.43,paid
C3692,INV01434,85.2,paid
C1791,INV01435,48.57,pending
C2841,INV01436,551.48,paid
C4690,INV01437,44.91,paid
C2154,INV01438,55.51,pending
C0580,INV01439,26.44,paid
C2853,INV01440,259.72,paid
C2236,INV01441,132.5,pending
C4176,INV01442,142.41,paid
C2155,INV01443,257.69,pending
C1344,INV01444,62.99,failed
C0345,INV01445,32.28,paid
C1886,INV01446,33.17,paid
C0554,INV01447,197.86,paid
C3770,INV01448,142.83,paid
C4397,INV01449,34.66,failed
C0199,INV01450,23.51,paid
C2940,INV01451,19.29,paid
C3490,INV01452,148.25,paid
C0306,INV01453,0.02,pending
C3075,INV01454,2.77,paid
C1656,INV01455,74.03,pending
C2692,INV01456,176.33,paid
C1764,INV01457,178.14,pending
C0275,INV01458,84.35,paid
C3361,INV01459,176.2,paid
C1401,INV01460,110.44,pending
C4733,INV01461,565.39,paid
C1775,INV01462,26.59,paid
C3381,INV01463,137.69,failed
C4050,INV01464,101.37,paid
C3460,INV01465,32.44,paid
C1880,INV01466,207.94,paid
C3835,INV01467,48.34,pending
C4278,INV01468,72.12,paid
C1844,INV01469,70.46,paid
C3377,INV01470,42.0,paid
C0071,INV01471,84.5,paid
C1676,INV01472,96.18,pending
C1295,INV01473,204.52,paid
C1043,INV01474,217.27,paid
C2625,INV01475,25.9,paid
C3042,INV01476,134.76,paid
C0814,INV01477,,failed
C2194,INV01478,17.28,paid
C3500,INV01479,96.06,paid
C0309,INV01480,208.16,paid
C2061,INV01481,141.82,pending
C4227,INV01482,15.9,paid
C1877,INV01483,75.78,paid
C2802,INV01484,106.16,pending
C2486,INV01485,822.54,pending
C4835,INV01486,29.51,pending
C3745,INV01487,606.18,paid
C0794,INV01488,,failed
C4014,INV01489,33.53,paid
C4353,INV01490,80.19,paid
C3407,INV01491,142.79,paid
C2456,INV01492,36.02,paid
C1851,INV01493,51.68,pending
C0974,INV01494,289.18,paid
C1047,INV01495,1037.59,pending
C4366,INV01496,57.45,pending
C4237,INV01497,,paid
C3789,INV01498,236.38,pending
C4997,INV01499,137.61,paid
C3021,INV01500,15.87,paid
C4369,INV01501,439.97,pending
C4029,INV01502,12.19,paid
C0464,INV01503,147.27,paid
C0287,INV01504,82.73,paid
C3195,INV01505,122.0,pending
C0875,INV01506,35.97,paid
C1992,INV01507,174.77,paid
C2925,INV01508,481.78,paid
C1120,INV01509,91.99,pending
C0446,INV01510,111.02,paid
C2832,INV01511,41.13,paid
C3568,INV01512,333.66,paid
C2896,INV01513,531.97,paid
C0721,INV01514,231.48,paid
C2163,INV01515,117.39,paid
C2582,INV01516,471.28,paid
C1351,INV01517,25.06,paid
C3980,INV01518,97.65,paid
C4502,INV01519,115.7,paid
C3384,INV01520,101.57,paid
C1725,INV01521,243.24,paid
C0693,INV01522,166.48,paid
C3413,INV01523,,paid
C0494,INV01524,63.8,paid
C0947,INV01525,62.12,paid
C0022,INV01526,125.08,paid
C1128,INV01527,51.68,paid
C0557,INV01528,18.71,failed
C1616,INV01529,,paid
C3730,INV01530,285.61,failed
C1656,INV01531,402.38,paid
C4173,INV01532,539.46,paid
C0806,INV01533,227.88,pending
C3312,INV01534,22.57,paid
C4863,INV01535,287.71,paid
C0453,INV01536,76.61,failed
C2975,INV01537,196.35,paid
C2324,INV01538,113.66,paid
C1447,INV01539,264.57,paid
C2561,INV01540,83.14,failed
C2511,INV01541,9.57,pending
C2871,INV01542,122.07,paid
C0362,INV01543,28.18,paid
C3454,INV01544,505.1,pending
C2798,INV01545,112.29,paid
C4620,INV01546,120.97,paid
C3453,INV01547,356.7,paid
C3255,INV01548,146.96,paid
C1217,INV01549,54.09,paid
C1485,INV01550,52.67,pending
C2103,INV01551,104.45,pending
C2536,INV01552,302.17,paid
C1855,INV01553,237.51,paid
C4817,INV01554,493.48,paid
C1207,INV01555,11.19,paid
C1448,INV01556,46.86,paid
C1507,INV01557,12.54,paid
C1003,INV01558,208.59,paid
C0925,INV01559,22.77,paid
C4951,INV01560,15.79,paid
C0083,INV01561,123.72,paid
C3742,INV01562,79.52,paid
C3927,INV01563,188.34,paid
C1542,INV01564,100.13,pending
C0985,INV01565,83.1,pending
C4231,INV01566,83.14,paid
C0908,INV01567,308.21,paid
C2908,INV01568,75.43,paid
C4685,INV01569,60.83,paid
C2737,INV01570,61.99,paid
C2586,INV01571,32.84,failed
C1143,INV01572,295.66,paid
C1331,INV01573,23.78,paid
C3348,INV01574,358.89,paid
C1553,INV01575,50.0,paid
C2342,INV01576,344.53,paid
C1806,INV01577,234.68,paid
C2100,INV01578,130.84,paid
C0805,INV01579,166.06,paid
C4147,INV01580,59.14,failed
C2775,INV01581,128.08,paid
C0071,INV01582,51.88,paid
C0027,INV01583,77.19,paid
C0468,INV01584,217.01,paid
C3983,INV01585,,paid
C0763,INV01586,273.81,paid
C1424,INV01587,70.71,paid
C2248,INV01588,113.95,paid
C3832,INV01589,426.99,paid
C4915,INV01590,171.5,paid
C4060,INV01591,155.6,paid
C4070,INV01592,186.52,paid
C1675,INV01593,375.36,paid
C0559,INV01594,42.86,paid
C4474,INV01595,142.49,paid
C3831,INV01596,76.72,paid
C1918,INV01597,1.79,failed
C0078,INV01598,20.08,paid
C4929,INV01599,58.95,failed
C3647,INV01600,124.86,paid
C1031,INV01601,319.89,paid
C2072,INV01602,234.9,paid
C4545,INV01603,120.89,paid
C1484,INV01604,11.51,paid
C2245,INV01605,50.51,paid
C1550,INV01606,68.52,failed
C4785,INV01607,145.82,paid
C4682,INV01608,10.07,paid
C1829,INV01609,113.32,pending
C3751,INV01610,347.6,pending
C4722,INV01611,183.34,paid
C2031,INV01612,239.24,paid
C4459,INV01613,171.7,paid
C3856,INV01614,34.71,paid
C2182,INV01615,17.56,paid
C4469,INV01616,265.34,paid
C2094,INV01617,178.36,paid
C3903,INV01618,128.37,failed
C3032,INV01619,31.48,failed
C1548,INV01620,138.7,paid
C0367,INV01621,,paid
C0064,INV01622,18.98,paid
C3299,INV01623,56.07,paid
C4849,INV01624,87.98,paid
C2035,INV01625,19.27,failed
C2863,INV01626,19.16,paid
C1876,INV01627,194.14,paid
C4851,INV01628,126.5,paid
C2228,INV01629,114.45,failed
C0596,INV01630,90.34,failed
C3606,INV01631,562.89,pending
C2674,INV01632,7.66,paid
C3889,INV01633,29.88,paid
C3506,INV01634,156.41,paid
C1834,INV01635,21.99,paid
C1395,INV01636,133.51,pending
C1586,INV01637,125.82,paid
C0111,INV01638,531.1,paid
C0452,INV01639,322.33,paid
C2803,INV01640,436.58,paid
C2631,INV01641,18.09,paid
C2186,INV01642,303.91,paid
C4348,INV01643,20.73,paid
C2004,INV01644,150.33,paid
C1459,INV01645,190.99,failed
C1942,INV01646,26.31,paid
C3493,INV01647,150.22,paid
C1857,INV01648,8.08,paid
C0061,INV01649,52.07,paid
C1494,INV01650,381.05,pending
C1180,INV01651,28.26,paid
C4901,INV01652,10.12,paid
C2788,INV01653,87.96,failed
C1875,INV01654,285.19,pending
C2208,INV01655,11.97,paid
C4636,INV01656,,paid
C4721,INV01657,345.05,paid
C0105,INV01658,18.86,pending
C1154,INV01659,55.8,paid
C3428,INV01660,226.05,paid
C4087,INV01661,117.53,paid
C1708,INV01662,267.87,paid
C2823,INV01663,,pending
C3925,INV01664,379.9,failed
C1908,INV01665,,paid
C2049,INV01666,25.32,paid
C4464,INV01667,5.17,paid
C1274,INV01668,688.41,pending
C0945,INV01669,98.74,pending
C3904,INV01670,127.32,failed
C2227,INV01671,143.53,failed
C3796,INV01672,233.86,paid
C0292,INV01673,250.69,pending
C4679,INV01674,32.34,paid
C2222,INV01675,40.5,paid
C3973,INV01676,314.13,paid
C2491,INV01677,256.82,paid
C2475,INV01678,144.2,pending
C4860,INV01679,785.98,paid
C3729,INV01680,199.31,pending
C0427,INV01681,36.47,paid
C2972,INV01682,281.25,paid
C0106,INV01683,80.35,paid
C3619,INV01684,5.52,paid
C4754,INV01685,58.16,paid
C3333,INV01686,216.3,paid
C3992,INV01687,483.61,pending
C1225,INV01688,48.47,paid
C4004,INV01689,42.46,paid
C4250,INV01690,124.39,pending
C3368,INV01691,250.45,paid
C0895,INV01692,205.87,paid
C3905,INV01693,123.13,paid
C1620,INV01694,149.7,paid
C3863,INV01695,41.58,paid
C2292,INV01696,85.0,paid
C1385,INV01697,44.23,paid
C3899,INV01698,323.67,paid
C3592,INV01699,17.91,paid
C2433,INV01700,170.79,paid
C2806,INV01701,45.22,failed
C3383,INV01702,96.82,paid
C1301,INV01703,53.38,paid
C0758,INV01704,58.57,pending
C0746,INV01705,45.25,pending
C0592,INV01706,209.63,pending
C2886,INV01707,68.29,failed
C4111,INV01708,194.39,paid
C1068,INV01709,91.34,paid
C3307,INV01710,118.86,paid
C0702,INV01711,117.56,paid
C4708,INV01712,558.53,paid
C0104,INV01713,68.61,paid
C1497,INV01714,34.92,pending
C3833,INV01715,364.21,paid
C0395,INV01716,28.83,paid
C3517,INV01717,269.75,paid
C2653,INV01718,24.42,paid
C3291,INV01719,161.26,pending
C2010,INV01720,24.47,failed
C3881,INV01721,384.76,pending
C4946,INV01722,124.86,paid
C1988,INV01723,59.91,failed
C4537,INV01724,22.68,paid
C1668,INV01725,69.59,pending
C4968,INV01726,183.13,paid
C4762,INV01727,72.91,paid
C1051,INV01728,42.37,failed
C2841,INV01729,129.2,paid
C4723,INV01730,81.15,pending
C3584,INV01731,,paid
C0347,INV01732,25.08,pending
C1263,INV01733,184.37,failed
C4665,INV01734,551.38,paid
C2742,INV01735,39.81,paid
C2073,INV01736,222.52,paid
C3148,INV01737,13.75,failed
C1351,INV01738,72.09,paid
C2821,INV01739,105.99,paid
C3827,INV01740,46.95,paid
C0669,INV01741,113.12,paid
C4813,INV01742,321.34,paid
C2646,INV01743,433.54,paid
C0266,INV01744,15.9,pending
C1438,INV01745,47.59,paid
C2693,INV01746,580.44,paid
C1022,INV01747,47.29,paid
C2037,INV01748,176.99,paid
C0564,INV01749,43.84,failed
C1059,INV01750,66.09,paid
C1424,INV01751,31.85,paid
C4123,INV01752,291.0,paid
C0219,INV01753,321.39,pending
C0405,INV01754,52.84,failed
C1637,INV01755,260.24,paid
C2318,INV01756,66.53,paid
C1759,INV01757,15.64,paid
C1674,INV01758,212.87,pending
C0791,INV01759,136.12,paid
C3582,INV01760,48.11,failed
C1309,INV01761,43.75,pending
C3833,INV01762,557.12,pending
C4929,INV01763,297.62,paid
C4412,INV01764,248.95,paid
C1330,INV01765,20.55,pending
C4446,INV01766,211.09,paid
C0510,INV01767,36.22,paid
C2572,INV01768,568.4,paid
C3929,INV01769,8.02,paid
C0491,INV01770,65.11,paid
C1617,INV01771,83.96,paid
C2056,INV01772,260.76,paid
C1520,INV01773,218.01,paid
C1583,INV01774,70.5,paid
C1575,INV01775,,paid
C3946,INV01776,270.81,paid
C1761,INV01777,2.76,pending
C1991,INV01778,243.06,pending
C3179,INV01779,440.33,pending
C3326,INV01780,4.89,pending
C1046,INV01781,7.0,paid
C2892,INV01782,63.36,paid
C2613,INV01783,13.78,paid
C3892,INV01784,97.88,paid
C4144,INV01785,195.69,paid
C0461,INV01786,125.52,paid
C4431,INV01787,32.8,failed
C1381,INV01788,159.55,paid
C1145,INV01789,173.21,paid
C3515,INV01790,404.22,failed
C4454,INV01791,23.81,pending
C0192,INV01792,176.81,paid
C3534,INV01793,363.59,failed
C0755,INV01794,104.44,paid
C1684,INV01795,67.37,pending
C2525,INV01796,28.08,paid
C0827,INV01797,302.37,paid
C0889,INV01798,75.19,pending
C4748,INV01799,388.31,paid
C2455,INV01800,282.34,paid
C2333,INV01801,70.89,paid
C4946,INV01802,127.97,paid
C0110,INV01803,4.13,failed
C4715,INV01804,45.82,paid
C0792,INV01805,185.82,paid
C4683,INV01806,169.94,paid
C2643,INV01807,65.4,paid
C3414,INV01808,248.01,paid
C1309,INV01809,40.35,paid
C0296,INV01810,92.78,failed
C1629,INV01811,95.95,paid
C0568,INV01812,62.51,paid
C4927,INV01813,464.06,paid
C4705,INV01814,178.95,paid
C4111,INV01815,116.22,paid
C0071,INV01816,107.16,pending
C4365,INV01817,26.03,failed
C4382,INV01818,69.83,paid
C0065,INV01819,167.57,paid
C0879,INV01820,387.68,failed
C0067,INV01821,254.3,paid
C1216,INV01822,53.58,paid
C3027,INV01823,85.36,failed
C3239,INV01824,12.98,pending
C3480,INV01825,16.17,paid
C0507,INV01826,95.3,paid
C3714,INV01827,113.32,paid
C2884,INV01828,45.98,paid
C1125,INV01829,154.41,pending
C0885,INV01830,182.3,paid
C2841,INV01831,53.31,paid
C3877,INV01832,213.09,paid
C4870,INV01833,34.53,paid
C2525,INV01834,117.87,paid
C0925,INV01835,244.66,pending
C4215,INV01836,115.51,paid
C1938,INV01837,357.83,paid
C3814,INV01838,9.04,paid
C3362,INV01839,133.12,pending
C4583,INV01840,123.75,paid
C3232,INV01841,161.98,paid
C3744,INV01842,268.83,paid
C3465,INV01843,194.11,paid
C0440,INV01844,234.3,pending
C3611,INV01845,51.12,paid
C0461,INV01846,73.53,pending
C0611,INV01847,147.84,pending
C3471,INV01848,120.93,failed
C3163,INV01849,487.03,paid
C0005,INV01850,31.02,paid
C4776,INV01851,64.91,paid
C3970,INV01852,127.56,paid
C2858,INV01853,303.7,pending
C2606,INV01854,397.5,pending
C0098,INV01855,61.43,paid
C0525,INV01856,10.42,paid
C1180,INV01857,82.13,paid
C1689,INV01858,75.22,paid
C1138,INV01859,645.62,pending
C4491,INV01860,84.6,paid
C4865,INV01861,54.73,paid
C3071,INV01862,68.21,paid
C2927,INV01863,75.86,failed
C2792,INV01864,258.51,paid
C4778,INV01865,12.67,failed
C0014,INV01866,57.08,pending
C2415,INV01867,508.62,paid
C2685,INV01868,24.93,paid
C2900,INV01869,203.57,paid
C1236,INV01870,66.1,paid
C4100,INV01871,130.76,pending
C3220,INV01872,15.73,paid
C1607,INV01873,54.88,paid
C3563,INV01874,104.23,paid
C3297,INV01875,39.54,paid
C2633,INV01876,117.09,paid
C3890,INV01877,37.22,paid
C4264,INV01878,157.52,paid
C2808,INV01879,352.07,paid
C0791,INV01880,13.4,paid
C0999,INV01881,36.62,paid
C0151,INV01882,279.09,paid
C3063,INV01883,149.77,pending
C4599,INV01884,12.3,paid
C2091,INV01885,99.93,paid
C4599,INV01886,,paid
C4082,INV01887,33.3,paid
C4026,INV01888,423.63,paid
C2977,INV01889,215.03,failed
C0842,INV01890,178.72,paid
C4446,INV01891,40.95,paid
C3793,INV01892,18.93,paid
C2070,INV01893,307.0,paid
C1659,INV01894,0.88,paid
C0597,INV01895,73.68,paid
C2513,INV01896,48.78,failed
C4135,INV01897,126.73,paid
C4270,INV01898,43.25,paid
C3603,INV01899,55.92,failed
C1216,INV01900,284.61,pending
C2291,INV01901,138.64,failed
C4931,INV01902,23.62,paid
C3811,INV01903,194.45,paid
C4993,INV01904,34.88,pending
C0931,INV01905,85.11,paid
C2138,INV01906,156.03,paid
C4002,INV01907,47.6,pending
C2978,INV01908,72.7,paid
C3892,INV01909,198.72,pending
C4595,INV01910,416.88,failed
C2918,INV01911,113.01,pending
C2564,INV01912,1.5,paid
C1763,INV01913,61.98,paid
C2170,INV01914,76.28,pending
C0335,INV01915,62.14,failed
C1176,INV01916,85.98,paid
C3021,INV01917,150.22,paid
C0778,INV01918,19.37,pending
C1185,INV01919,47.75,paid
C3285,INV01920,106.28,paid
C3447,INV01921,56.88,paid
C3991,INV01922,708.01,paid
C2470,INV01923,84.7,pending
C0938,INV01924,305.8,paid
C4899,INV01925,340.24,paid
C4006,INV01926,271.19,paid
C1935,INV01927,7.21,paid
C0633,INV01928,442.75,paid
C1253,INV01929,20.67,pending
C1082,INV01930,5.25,paid
C2143,INV01931,80.26,paid
C1285,INV01932,32.47,paid
C0353,INV01933,30.54,paid
C1885,INV01934,50.91,paid
C1818,INV01935,42.83,paid
C2520,INV01936,173.18,paid
C4008,INV01937,31.01,paid
C3022,INV01938,117.5,paid
C2584,INV01939,644.95,pending
C1547,INV01940,,pending
C4018,INV01941,154.03,paid
C4204,INV01942,522.87,paid
C1368,INV01943,22.21,failed
C3337,INV01944,81.35,paid
C1757,INV01945,284.76,pending
C1517,INV01946,,paid
C4917,INV01947,137.91,paid
C3484,INV01948,23.22,pending
C3685,INV01949,347.61,paid
C3052,INV01950,28.76,paid
C2696,INV01951,65.28,failed
C0190,INV01952,70.62,pending
C0932,INV01953,88.94,paid
C4237,INV01954,234.22,paid
C3238,INV01955,243.03,paid
C2215,INV01956,190.76,pending
C0565,INV01957,3.36,failed
C1134,INV01958,124.81,pending
C0743,INV01959,206.45,pending
C0672,INV01960,88.22,paid
C2911,INV01961,434.89,pending
C0530,INV01962,260.43,pending
C3021,INV01963,152.48,pending
C0561,INV01964,9.67,paid
C0301,INV01965,158.48,failed
C3767,INV01966,363.85,paid
C4280,INV01967,71.57,paid
C0509,INV01968,273.15,paid
C3445,INV01969,56.35,paid
C2203,INV01970,126.63,paid
C2834,INV01971,156.8,pending
C0794,INV01972,169.98,paid
C2479,INV01973,321.26,paid
C1523,INV01974,40.11,paid
C4856,INV01975,45.65,pending
C2194,INV01976,182.63,paid
C2528,INV01977,,paid
C0434,INV01978,,paid
C2038,INV01979,3.04,paid
C1706,INV01980,22.79,pending
C0068,INV01981,170.38,pending
C1904,INV01982,206.43,pending
C3959,INV01983,18.38,paid
C2951,INV01984,38.76,paid
C4649,INV01985,15.62,paid
C2713,INV01986,85.22,paid
C3369,INV01987,20.22,paid
C4595,INV01988,86.25,paid
C3727,INV01989,197.57,paid
C2404,INV01990,172.51,failed
C3325,INV01991,49.37,pending
C3546,INV01992,168.02,paid
C2303,INV01993,394.06,paid
C3681,INV01994,64.05,failed
C3221,INV01995,59.87,paid
C4374,INV01996,127.1,pending
C1082,INV01997,42.26,paid
C0445,INV01998,158.15,pending
C4931,INV01999,267.8,pending
C4850,INV02000,92.24,paid
C1592,INV02001,170.68,paid
C2775,INV02002,,paid
C3816,INV02003,5.91,failed
C3053,INV02004,30.39,paid
C1590,INV02005,335.98,paid
C2231,INV02006,419.27,paid
C1561,INV02007,227.42,pending
C4272,INV02008,381.22,pending
C3646,INV02009,54.82,paid
C4942,INV02010,42.7,paid
C3238,INV02011,72.75,paid
C1600,INV02012,8.54,paid
C2056,INV02013,249.01,paid
C4331,INV02014,621.93,paid
C0709,INV02015,260.62,failed
C2971,INV02016,121.44,paid
C2732,INV02017,52.49,pending
C0793,INV02018,33.04,paid
C3099,INV02019,67.9,paid
C2855,INV02020,,paid
C0026,INV02021,88.88,paid
C3267,INV02022,407.85,paid
C0084,INV02023,288.85,pending
C3101,INV02024,16.2,paid
C1122,INV02025,21.15,paid
C0011,INV02026,169.16,failed
C1748,INV02027,39.35,paid
C3109,INV02028,234.83,paid
C1876,INV02029,134.24,paid
C2619,INV02030,39.17,pending
C0179,INV02031,97.71,pending
C0796,INV02032,78.15,paid
C3813,INV02033,309.72,paid
C2024,INV02034,4.9,pending
C3217,INV02035,339.28,failed
C0886,INV02036,158.37,paid
C2468,INV02037,200.65,pending
C3387,INV02038,0.39,paid
C1519,INV02039,148.43,paid
C2432,INV02040,133.19,paid
C4866,INV02041,115.57,paid
C0916,INV02042,231.17,paid
C2070,INV02043,121.75,failed
C3976,INV02044,291.84,paid
C1781,INV02045,39.72,paid
C0338,INV02046,245.97,paid
C1516,INV02047,29.64,pending
C2870,INV02048,251.59,failed
C3582,INV02049,423.17,paid
C0914,INV02050,61.35,paid
C3290,INV02051,113.22,paid
C4570,INV02052,161.09,paid
C1446,INV02053,,paid
C1379,INV02054,102.21,paid
C1483,INV02055,67.08,pending
C2074,INV02056,308.89,paid
C0800,INV02057,,paid
C1246,INV02058,180.99,paid
C4959,INV02059,159.95,paid
C2737,INV02060,198.46,paid
C3495,INV02061,68.35,paid
C4834,INV02062,77.76,pending
C3257,INV02063,121.02,paid
C3877,INV02064,417.16,paid
C0981,INV02065,193.1,paid
C2476,INV02066,120.11,failed
C2088,INV02067,220.72,paid
C2952,INV02068,69.52,failed
C1011,INV02069,196.66,paid
C3464,INV02070,79.32,paid
C2750,INV02071,49.21,pending
C2126,INV02072,141.14,paid
C4812,INV02073,174.17,paid
C3861,INV02074,92.23,paid
C2591,INV02075,125.03,pending
C1473,INV02076,177.66,paid
C2521,INV02077,218.97,paid
C1165,INV02078,338.89,paid
C3322,INV02079,65.67,paid
C0609,INV02080,453.86,paid
C2183,INV02081,152.12,paid
C2531,INV02082,232.46,paid
C2861,INV02083,180.48,paid
C4650,INV02084,34.52,paid
C1655,INV02085,11.12,paid
C1755,INV02086,194.35,paid
C0045,INV02087,107.33,failed
C1259,INV02088,181.71,pending
C4638,INV02089,97.18,paid
C3232,INV02090,56.15,pending
C1451,INV02091,50.32,failed
C2118,INV02092,196.7,paid
C2567,INV02093,48.61,paid
C1992,INV02094,188.12,paid
C3123,INV02095,72.67,pending
C2340,INV02096,221.04,paid
C4907,INV02097,23.11,paid
C1488,INV02098,34.41,paid
C1573,INV02099,173.71,pending
C4962,INV02100,123.23,paid
C2427,INV02101,34.2,pending
C1766,INV02102,349.69,pending
C3549,INV02103,,paid
C2309,INV02104,81.99,paid
C4675,INV02105,33.9,paid
C2404,INV02106,73.66,failed
C1442,INV02107,101.49,pending
C4793,INV02108,52.49,failed
C1976,INV02109,219.86,paid
C3973,INV02110,75.11,paid
C2490,INV02111,196.13,paid
C0725,INV02112,34.8,paid
C3803,INV02113,70.99,pending
C4381,INV02114,1.21,paid
C3827,INV02115,213.22,paid
C4665,INV02116,147.48,paid
C3619,INV02117,255.42,paid
C2887,INV02118,91.21,paid
C0497,INV02119,241.22,paid
C3976,INV02120,156.44,pending
C0704,INV02121,0.54,paid
C4657,INV02122,43.89,paid
C4127,INV02123,102.15,paid
C3681,INV02124,144.62,pending
C4138,INV02125,10.18,paid
C1916,INV02126,183.16,failed
C1374,INV02127,117.64,paid
C1845,INV02128,111.91,paid
C4654,INV02129,51.81,paid
C1436,INV02130,135.51,paid
C3090,INV02131,4.18,pending
C1370,INV02132,,paid
C1928,INV02133,198.57,paid
C1636,INV02134,58.27,paid
C0091,INV02135,63.92,pending
C1843,INV02136,35.05,pending
C0184,INV02137,88.49,paid
C4823,INV02138,8.01,paid
C1571,INV02139,53.58,pending
C0831,INV02140,112.34,pending
C4440,INV02141,94.0,paid
C2125,INV02142,1202.3,paid
C4262,INV02143,73.84,pending
C0263,INV02144,73.41,paid
C1286,INV02145,105.05,paid
C1529,INV02146,31.66,pending
C1808,INV02147,313.49,paid
C1877,INV02148,127.39,pending
C1749,INV02149,32.0,paid
C1909,INV02150,236.58,failed
C2623,INV02151,5.24,paid
C1197,INV02152,607.38,pending
C2478,INV02153,300.54,paid
C4863,INV02154,130.0,paid
C2510,INV02155,17.7,paid
C0100,INV02156,36.36,pending
C3087,INV02157,49.16,paid
C1919,INV02158,41.37,paid
C2291,INV02159,103.23,paid
C3320,INV02160,433.87,paid
C0104,INV02161,88.09,paid
C0693,INV02162,162.51,failed
C3240,INV02163,174.99,paid
C3491,INV02164,307.87,paid
C3392,INV02165,5.16,failed
C4913,INV02166,77.71,paid
C2268,INV02167,230.38,paid
C3783,INV02168,253.0,paid
C3512,INV02169,393.28,paid
C0889,INV02170,182.0,paid
C0789,INV02171,42.19,paid
C4648,INV02172,105.68,pending
C4939,INV02173,4.93,paid
C0658,INV02174,156.16,paid
C1018,INV02175,121.21,failed
C1953,INV02176,164.87,paid
C1190,INV02177,399.19,failed
C3706,INV02178,174.37,paid
C3657,INV02179,57.95,paid
C4846,INV02180,33.23,paid
C2296,INV02181,289.28,paid
C0774,INV02182,32.41,paid
C2811,INV02183,26.44,paid
C1380,INV02184,34.72,paid
C3182,INV02185,,paid
C4787,INV02186,19.89,paid
C4814,INV02187,417.38,paid
C4329,INV02188,508.33,paid
C3097,INV02189,546.31,paid
C1404,INV02190,5.99,paid
C3801,INV02191,438.37,paid
C1369,INV02192,893.7,paid
C2064,INV02193,428.21,paid
C2292,INV02194,166.73,paid
C2765,INV02195,181.21,failed
C2817,INV02196,19.56,paid
C0716,INV02197,311.08,paid
C4040,INV02198,9.22,failed
C1711,INV02199,57.35,failed
C1225,INV02200,709.13,pending
C0008,INV02201,82.31,paid
C0597,INV02202,21.09,paid
C4118,INV02203,522.5,pending
C1608,INV02204,621.59,pending
C3031,INV02205,31.06,paid
C3667,INV02206,300.15,paid
C2246,INV02207,74.25,failed
C3626,INV02208,72.04,paid
C4071,INV02209,45.71,paid
C2822,INV02210,6.86,paid
C0091,INV02211,46.8,paid
C0850,INV02212,8.29,paid
C1107,INV02213,387.29,paid
C0299,INV02214,162.58,failed
C2343,INV02215,326.56,paid
C1477,INV02216,189.5,paid
C1082,INV02217,21.11,pending
C2956,INV02218,423.47,paid
C2918,INV02219,345.23,paid
C1365,INV02220,64.17,paid
C2800,INV02221,17.74,paid
C3536,INV02222,182.69,paid
C3951,INV02223,195.49,paid
C2109,INV02224,340.71,failed
C0775,INV02225,8.11,pending
C1452,INV02226,22.92,paid
C1681,INV02227,136.79,paid
C2303,INV02228,144.8,paid
C1851,INV02229,5.13,paid
C1897,INV02230,75.86,paid
C3418,INV02231,131.62,pending
C3597,INV02232,200.86,paid
C1327,INV02233,57.0,paid
C0614,INV02234,99.22,paid
C0244,INV02235,252.35,paid
C0756,INV02236,461.53,pending
C0823,INV02237,39.27,failed
C2827,INV02238,43.76,paid
C3807,INV02239,421.56,paid
C2779,INV02240,75.61,failed
C1846,INV02241,190.06,pending
C1240,INV02242,142.12,failed
C4611,INV02243,50.44,paid
C0473,INV02244,159.01,paid
C4131,INV02245,159.88,paid
C3249,INV02246,134.64,paid
C1792,INV02247,15.75,pending
C1734,INV02248,799.99,paid
C4925,INV02249,76.73,paid
C3942,INV02250,152.52,paid
C0944,INV02251,325.42,pending
C1511,INV02252,82.56,paid
C4081,INV02253,223.03,paid
C4526,INV02254,535.39,paid
C0858,INV02255,66.69,paid
C3560,INV02256,77.95,paid
C0229,INV02257,353.99,paid
C2417,INV02258,26.09,pending
C0177,INV02259,4.35,paid
C3928,INV02260,359.35,paid
C2615,INV02261,258.55,failed
C1613,INV02262,539.49,failed
C2840,INV02263,9.0,paid
C2947,INV02264,,paid
C1774,INV02265,16.69,paid
C3871,INV02266,172.53,paid
C0081,INV02267,139.71,failed
C0845,INV02268,66.79,pending
C2809,INV02269,8.87,paid
C1216,INV02270,153.11,paid
C4713,INV02271,126.64,paid
C3260,INV02272,17.97,paid
C3145,INV02273,359.39,paid
C2263,INV02274,33.27,paid
C2337,INV02275,204.1,paid
C0444,INV02276,324.52,paid
C0922,INV02277,129.94,paid
C4288,INV02278,42.52,paid
C4384,INV02279,55.5,paid
C2630,INV02280,325.4,pending
C1167,INV02281,53.13,paid
C3963,INV02282,205.68,paid
C3441,INV02283,693.27,paid
C3512,INV02284,1290.67,paid
C0895,INV02285,114.37,paid
C3722,INV02286,262.78,paid
C2060,INV02287,694.57,paid
C3034,INV02288,70.42,paid
C2387,INV02289,43.64,paid
C1897,INV02290,,paid
C1799,INV02291,22.78,pending
C4407,INV02292,288.17,paid
C2780,INV02293,133.27,paid
C1127,INV02294,310.38,paid
C0338,INV02295,233.71,paid
C4454,INV02296,168.01,paid
C1172,INV02297,140.98,paid
C2808,INV02298,7.43,pending
C4863,INV02299,308.68,paid
C3029,INV02300,81.15,paid
C2089,INV02301,123.07,paid
C4297,INV02302,3.33,paid
C3017,INV02303,412.5,paid
C4559,INV02304,349.56,failed
C0448,INV02305,117.55,paid
C4893,INV02306,129.17,pending
C0793,INV02307,183.13,paid
C0436,INV02308,46.12,pending
C4626,INV02309,37.64,pending
C4660,INV02310,168.14,pending
C1620,INV02311,16.54,failed
C3501,INV02312,90.79,paid
C2919,INV02313,101.82,paid
C4308,INV02314,72.03,paid
C0948,INV02315,30.73,paid
C3944,INV02316,65.85,pending
C1127,INV02317,61.77,paid
C0191,INV02318,103.75,paid
C4012,INV02319,168.44,paid
C3760,INV02320,517.41,pending
C3730,INV02321,23.35,failed
C1403,INV02322,309.56,paid
C1990,INV02323,50.15,paid
C1104,INV02324,134.24,paid
C4800,INV02325,118.69,paid
C0548,INV02326,122.11,paid
C3448,INV02327,192.75,paid
C1861,INV02328,72.11,paid
C4249,INV02329,57.65,paid
C0570,INV02330,287.43,paid
C1784,INV02331,37.29,pending
C2287,INV02332,29.81,pending
C2421,INV02333,2.36,paid
C3972,INV02334,35.47,pending
C0804,INV02335,109.64,paid
C0798,INV02336,115.99,paid
C3275,INV02337,,paid
C0610,INV02338,11.25,pending
C1806,INV02339,204.76,paid
C4238,INV02340,212.81,paid
C3260,INV02341,920.4,paid
C4367,INV02342,345.43,pending
C3371,INV02343,390.68,pending
C2473,INV02344,240.07,paid
C2093,INV02345,143.37,pending
C2142,INV02346,20.64,paid
C4001,INV02347,146.05,failed
C3080,INV02348,8.64,pending
C4554,INV02349,324.81,paid
C1432,INV02350,98.62,pending
C2517,INV02351,179.34,paid
C2857,INV02352,8.05,failed
C0505,INV02353,114.62,pending
C1096,INV02354,53.77,paid
C4179,INV02355,50.31,paid
C4154,INV02356,74.06,paid
C1044,INV02357,0.1,pending
C2204,INV02358,94.29,pending
C3902,INV02359,100.0,paid
C1352,INV02360,298.31,paid
C1596,INV02361,89.27,paid
C0575,INV02362,67.78,paid
C0679,INV02363,787.34,paid
C4298,INV02364,127.02,paid
C3712,INV02365,95.97,paid
C3828,INV02366,102.76,paid
C1129,INV02367,248.46,paid
C3904,INV02368,62.48,pending
C3193,INV02369,73.94,paid
C0317,INV02370,211.51,paid
C3696,INV02371,11.37,paid
C4501,INV02372,300.56,paid
C2996,INV02373,84.37,paid
C3594,INV02374,130.59,paid
C3209,INV02375,212.5,paid
C2542,INV02376,46.4,pending
C0678,INV02377,331.52,paid
C1889,INV02378,581.1,paid
C1643,INV02379,102.26,paid
C0834,INV02380,414.54,paid
C2241,INV02381,0.17,pending
C2355,INV02382,336.98,pending
C1668,INV02383,55.89,paid
C2553,INV02384,55.98,paid
C0280,INV02385,38.83,failed
C2762,INV02386,57.19,paid
C4703,INV02387,36.02,paid
C4578,INV02388,354.46,paid
C1246,INV02389,343.93,paid
C1772,INV02390,16.17,pending
C2164,INV02391,23.12,paid
C0191,INV02392,297.1,paid
C2835,INV02393,76.36,paid
C2665,INV02394,27.82,failed
C2563,INV02395,107.21,paid
C0306,INV02396,,pending
C0531,INV02397,37.11,paid
C4217,INV02398,191.35,pending
C2696,INV02399,149.66,paid
C4687,INV02400,15.75,paid
C0058,INV02401,389.32,paid
C1573,INV02402,122.63,failed
C1140,INV02403,43.19,paid
C1810,INV02404,34.66,paid
C3198,INV02405,21.92,paid
C3476,INV02406,82.91,paid
C4494,INV02407,21.85,pending
C2562,INV02408,80.63,paid
C2852,INV02409,24.16,pending
C0941,INV02410,160.42,paid
C4623,INV02411,230.74,failed
C1774,INV02412,119.62,paid
C1421,INV02413,,paid
C0435,INV02414,418.01,paid
C0839,INV02415,152.57,pending
C4001,INV02416,67.92,paid
C4455,INV02417,89.53,paid
C4959,INV02418,295.48,pending
C2681,INV02419,21.01,pending
C1650,INV02420,,pending
C1245,INV02421,129.16,paid
C2261,INV02422,,paid
C0915,INV02423,216.27,pending
C2639,INV02424,57.45,paid
C3889,INV02425,23.65,paid
C4481,INV02426,464.63,paid
C1326,INV02427,11.92,failed
C3358,INV02428,15.11,paid
C1585,INV02429,102.46,pending
C3368,INV02430,256.61,paid
C0388,INV02431,223.42,pending
C2791,INV02432,416.37,paid
C3332,INV02433,22.9,paid
C0703,INV02434,70.68,paid
C2820,INV02435,49.72,pending
C4959,INV02436,295.85,paid
C1059,INV02437,100.52,pending
C4174,INV02438,4.08,paid
C1298,INV02439,184.63,paid
C1301,INV02440,73.82,paid
C0673,INV02441,113.62,paid
C2359,INV02442,336.35,pending
C4299,INV02443,44.51,paid
C4112,INV02444,41.22,failed
C4571,INV02445,45.81,failed
C3582,INV02446,61.9,paid
C1016,INV02447,17.03,paid
C0209,INV02448,179.21,paid
C0498,INV02449,34.87,failed
C0428,INV02450,390.85,paid
C3639,INV02451,36.44,paid
C3151,INV02452,44.28,pending
C2105,INV02453,52.86,paid
C1553,INV02454,219.5,paid
C3206,INV02455,83.69,paid
C2569,INV02456,256.67,paid
C2628,INV02457,230.47,paid
C1876,INV02458,397.8,paid
C4994,INV02459,211.96,pending
C1067,INV02460,8.0,paid
C1506,INV02461,272.36,paid
C3013,INV02462,417.27,paid
C1667,INV02463,759.82,paid
C4588,INV02464,20.08,paid
C4700,INV02465,142.51,paid
C4066,INV02466,33.37,paid
C0947,INV02467,45.68,paid
C4389,INV02468,205.32,paid
C1171,INV02469,570.26,paid
C0171,INV02470,135.53,paid
C4626,INV02471,285.15,paid
C1143,INV02472,1.34,paid
C1859,INV02473,5.6,paid
C2188,INV02474,136.22,paid
C2493,INV02475,73.89,paid
C3577,INV02476,330.76,pending
C0188,INV02477,53.93,paid
C4076,INV02478,84.86,paid
C0157,INV02479,112.59,paid
C2717,INV02480,47.83,failed
C1970,INV02481,358.7,paid
C0245,INV02482,93.69,pending
C2903,INV02483,82.79,pending
C2795,INV02484,284.32,paid
C3824,INV02485,56.09,paid
C2377,INV02486,255.12,paid
C0849,INV02487,19.56,paid
C1810,INV02488,30.28,paid
C3986,INV02489,451.91,pending
C2126,INV02490,277.2,paid
C4264,INV02491,73.63,paid
C3030,INV02492,152.61,pending
C2307,INV02493,429.63,paid
C3076,INV02494,,failed
C2344,INV02495,9.12,paid
C0619,INV02496,115.66,paid
C2902,INV02497,23.08,paid
C2407,INV02498,31.11,pending
C4452,INV02499,333.2,paid
C3004,INV02500,1.11,failed
C3914,INV02501,254.59,paid
C2486,INV02502,109.15,pending
C3402,INV02503,122.91,pending
C3596,INV02504,167.11,pending
C1677,INV02505,84.7,paid
C4039,INV02506,18.43,paid
C1304,INV02507,16.27,paid
C4093,INV02508,210.58,paid
C1963,INV02509,37.47,paid
C3307,INV02510,4.28,pending
C1361,INV02511,583.94,paid
C4294,INV02512,589.77,failed
C1787,INV02513,71.26,paid
C1073,INV02514,3.88,paid
C1165,INV02515,194.89,paid
C3599,INV02516,266.69,pending
C2717,INV02517,20.03,paid
C3153,INV02518,21.83,pending
C4126,INV02519,259.08,paid
C3055,INV02520,382.48,failed
C0659,INV02521,234.64,paid
C4642,INV02522,33.61,paid
C2582,INV02523,79.53,paid
C1129,INV02524,137.76,pending
C2274,INV02525,26.21,paid
C4466,INV02526,35.47,pending
C1468,INV02527,,paid
C2102,INV02528,,pending
C3266,INV02529,107.25,paid
C2471,INV02530,252.54,paid
C1151,INV02531,209.76,paid
C0092,INV02532,367.55,pending
C2566,INV02533,268.38,failed
C1281,INV02534,43.93,paid
C2900,INV02535,60.36,pending
C2799,INV02536,104.1,paid
C3177,INV02537,2.16,pending
C4511,INV02538,351.36,paid
C2604,INV02539,6.8,paid
C3881,INV02540,58.39,paid
C2413,INV02541,126.31,paid
C1544,INV02542,109.42,paid
C3530,INV02543,159.4,pending
C2646,INV02544,112.46,paid
C4784,INV02545,39.01,failed
C2058,INV02546,33.67,pending
C4514,INV02547,356.67,paid
C1145,INV02548,45.97,paid
C0910,INV02549,49.48,paid
C3306,INV02550,79.9,failed
C1566,INV02551,22.53,failed
C2395,INV02552,106.17,pending
C3005,INV02553,164.06,paid
C4507,INV02554,231.27,pending
C4248,INV02555,186.44,paid
C0091,INV02556,23.96,paid
C3992,INV02557,,paid
C0330,INV02558,5.9,pending
C0954,INV02559,2.69,failed
C3780,INV02560,87.01,paid
C2601,INV02561,43.75,pending
C2977,INV02562,172.5,pending
C4289,INV02563,193.23,paid
C0529,INV02564,338.65,paid
C2892,INV02565,214.49,paid
C1266,INV02566,7.42,paid
C1473,INV02567,69.69,paid
C4734,INV02568,47.83,paid
C1597,INV02569,73.2,pending
C2525,INV02570,26.17,paid
C4793,INV02571,15.42,paid
C3761,INV02572,110.4,paid
C2742,INV02573,191.15,paid
C4635,INV02574,181.55,failed
C4425,INV02575,89.93,paid
C0469,INV02576,110.81,paid
C3830,INV02577,108.95,pending
C0533,INV02578,176.44,paid
C4562,INV02579,7.37,pending
C4055,INV02580,185.63,paid
C3679,INV02581,130.91,paid
C4087,INV02582,,failed
C0761,INV02583,7.55,paid
C0890,INV02584,17.23,paid
C2355,INV02585,111.57,paid
C1955,INV02586,,paid
C2971,INV02587,61.12,pending
C1672,INV02588,71.49,pending
C2836,INV02589,,paid
C4927,INV02590,35.93,paid
C4939,INV02591,16.43,pending
C3644,INV02592,63.1,pending
C2297,INV02593,205.52,paid
C4061,INV02594,147.56,pending
C3166,INV02595,80.63,paid
C1319,INV02596,501.8,paid
C0183,INV02597,199.2,failed
C1283,INV02598,9.58,paid
C2846,INV02599,204.76,paid
C2233,INV02600,3.65,paid
C4088,INV02601,157.61,paid
C1432,INV02602,35.45,paid
C3140,INV02603,178.83,pending
C1796,INV02604,55.61,paid
C4722,INV02605,309.54,paid
C2055,INV02606,61.63,paid
C3336,INV02607,145.02,paid
C0782,INV02608,50.52,paid
C1507,INV02609,373.74,paid
C4870,INV02610,227.8,paid
C3854,INV02611,,failed
C0676,INV02612,445.79,paid
C1830,INV02613,66.28,failed
C4090,INV02614,158.27,paid
C4306,INV02615,203.72,pending
C1360,INV02616,3.48,paid
C4585,INV02617,479.01,pending
C2686,INV02618,63.34,paid
C0190,INV02619,31.57,failed
C0842,INV02620,285.28,paid
C0334,INV02621,182.05,pending
C1110,INV02622,13.61,pending
C0578,INV02623,18.67,pending
C0061,INV02624,188.39,paid
C0386,INV02625,11.66,paid
C1169,INV02626,373.65,pending
C2200,INV02627,202.95,paid
C4714,INV02628,61.31,paid
C1683,INV02629,67.63,paid
C0486,INV02630,105.93,paid
C3732,INV02631,67.17,paid
C0540,INV02632,229.5,paid
C2060,INV02633,551.76,paid
C4246,INV02634,131.75,paid
C1238,INV02635,88.6,paid
C0990,INV02636,37.8,pending
C4467,INV02637,158.95,paid
C2299,INV02638,173.55,paid
C3907,INV02639,173.37,paid
C4288,INV02640,,failed
C1080,INV02641,344.08,paid
C0197,INV02642,61.9,paid
C2194,INV02643,204.48,paid
C1598,INV02644,213.95,paid
C1600,INV02645,157.71,paid
C3692,INV02646,75.35,pending
C3865,INV02647,140.62,paid
C0683,INV02648,6.15,paid
C3083,INV02649,215.26,paid
C3989,INV02650,15.74,pending
C0332,INV02651,75.81,paid
C1771,INV02652,16.41,paid
C4200,INV02653,272.17,paid
C2721,INV02654,119.88,paid
C0806,INV02655,176.14,pending
C1064,INV02656,172.13,paid
C0888,INV02657,276.4,paid
C2923,INV02658,,paid
C0320,INV02659,161.7,paid
C3957,INV02660,128.4,paid
C2382,INV02661,4.71,pending
C3231,INV02662,,paid
C2311,INV02663,46.71,paid
C3601,INV02664,11.3,paid
C1500,INV02665,65.71,pending
C1568,INV02666,4.14,paid
C3281,INV02667,120.84,failed
C1519,INV02668,35.64,paid
C1918,INV02669,50.74,paid
C4089,INV02670,361.98,paid
C1865,INV02671,104.82,paid
C1405,INV02672,47.0,paid
C2723,INV02673,136.87,paid
C0004,INV02674,33.79,paid
C1168,INV02675,11.6,paid
C2398,INV02676,3.17,paid
C2630,INV02677,454.02,paid
C0347,INV02678,193.44,pending
C4220,INV02679,241.38,paid
C1813,INV02680,593.85,pending
C3342,INV02681,402.42,paid
C2574,INV02682,200.29,paid
C3825,INV02683,177.62,failed
C4593,INV02684,61.61,paid
C0052,INV02685,16.48,paid
C0148,INV02686,127.9,paid
C0502,INV02687,128.79,paid
C0869,INV02688,456.23,pending
C3521,INV02689,87.66,pending
C4314,INV02690,176.07,paid
C3871,INV02691,128.34,paid
C1300,INV02692,29.18,pending
C2499,INV02693,134.5,paid
C4033,INV02694,116.52,paid
C3289,INV02695,102.15,paid
C4833,INV02696,108.05,paid
C3853,INV02697,26.87,pending
C2451,INV02698,93.4,paid
C4385,INV02699,139.58,paid
C0338,INV02700,100.84,paid
C2824,INV02701,100.62,pending
C1693,INV02702,12.1,paid
C0986,INV02703,,pending
C3490,INV02704,58.06,pending
C2733,INV02705,,paid
C3767,INV02706,135.19,paid
C4076,INV02707,298.54,paid
C2006,INV02708,26.0,pending
C3107,INV02709,2.28,pending
C4468,INV02710,89.47,paid
C3330,INV02711,84.87,paid
C3041,INV02712,120.41,paid
C0530,INV02713,268.66,pending
C0923,INV02714,243.2,paid
C4118,INV02715,15.81,paid
C0240,INV02716,407.7,paid
C1896,INV02717,17.55,paid
C3324,INV02718,151.0,paid
C0813,INV02719,167.4,paid
C4750,INV02720,170.86,paid
C0782,INV02721,46.25,paid
C4055,INV02722,60.15,failed
C0007,INV02723,119.34,paid
C3773,INV02724,33.39,paid
C4670,INV02725,3.08,paid
C3139,INV02726,123.88,paid
C3789,INV02727,93.9,paid
C4051,INV02728,160.39,failed
C0517,INV02729,23.8,paid
C3190,INV02730,275.76,paid
C3102,INV02731,23.71,paid
C4578,INV02732,332.93,paid
C2716,INV02733,89.55,paid
C0578,INV02734,119.71,failed
C4482,INV02735,340.35,paid
C4507,INV02736,,paid
C1865,INV02737,30.1,failed
C1376,INV02738,88.52,paid
C2938,INV02739,42.03,paid
C0905,INV02740,112.57,paid
C0964,INV02741,48.29,paid
C1976,INV02742,299.81,paid
C4759,INV02743,140.22,pending
C4920,INV02744,0.04,pending
C1887,INV02745,245.58,pending
C2447,INV02746,60.12,paid
C0991,INV02747,57.9,pending
C3556,INV02748,72.45,paid
C3959,INV02749,149.24,paid
C3604,INV02750,87.53,paid
C1083,INV02751,148.59,paid
C0434,INV02752,23.81,failed
C0020,INV02753,526.81,paid
C2922,INV02754,196.18,pending
C1925,INV02755,43.19,paid
C1472,INV02756,193.2,paid
C1099,INV02757,128.36,paid
C2637,INV02758,17.34,paid
C0389,INV02759,29.44,pending
C3413,INV02760,6.33,paid
C2615,INV02761,248.51,failed
C1354,INV02762,120.35,paid
C4521,INV02763,57.13,paid
C0005,INV02764,20.26,paid
C0190,INV02765,99.26,pending
C0147,INV02766,111.75,paid
C4500,INV02767,181.57,paid
C4353,INV02768,525.67,paid
C3550,INV02769,85.62,paid
C4919,INV02770,78.14,paid
C4105,INV02771,69.29,paid
C1110,INV02772,263.1,paid
C3833,INV02773,25.5,paid
C4933,INV02774,63.2,paid
C0624,INV02775,193.63,paid
C4125,INV02776,2.37,paid
C2175,INV02777,51.24,paid
C3149,INV02778,153.85,paid
C1078,INV02779,30.86,paid
C3551,INV02780,54.08,paid
C2352,INV02781,99.84,paid
C0545,INV02782,82.23,paid
C1195,INV02783,16.81,paid
C2069,INV02784,417.66,paid
C3358,INV02785,6.8,pending
C2438,INV02786,207.79,paid
C0616,INV02787,11.12,paid
C4244,INV02788,94.47,paid
C3343,INV02789,28.93,paid
C1811,INV02790,22.82,paid
C0171,INV02791,20.18,pending
C4142,INV02792,90.44,paid
C0625,INV02793,108.69,failed
C4063,INV02794,21.47,paid
C2254,INV02795,582.34,pending
C0452,INV02796,44.71,pending
C1418,INV02797,92.11,paid
C0753,INV02798,36.55,paid
C3372,INV02799,102.16,paid
C2723,INV02800,211.6,pending
C3010,INV02801,110.44,paid
C2911,INV02802,50.46,paid
C1225,INV02803,42.83,paid
C0167,INV02804,213.4,paid
C3685,INV02805,18.87,failed
C0085,INV02806,69.3,paid
C1677,INV02807,24.64,paid
C1982,INV02808,44.76,paid
C4944,INV02809,24.85,paid
C1486,INV02810,326.75,pending
C0441,INV02811,197.46,failed
C0270,INV02812,123.46,paid
C0343,INV02813,38.12,paid
C1206,INV02814,107.07,failed
C3081,INV02815,110.36,paid
C1257,INV02816,133.89,paid
C2291,INV02817,9.29,paid
C1532,INV02818,541.24,paid
C3422,INV02819,93.95,paid
C4362,INV02820,391.64,failed
C1653,INV02821,1.48,paid
C4988,INV02822,,paid
C0238,INV02823,16.47,paid
C0914,INV02824,220.2,pending
C1438,INV02825,57.88,paid
C3016,INV02826,275.35,paid
C1460,INV02827,267.91,paid
C3079,INV02828,165.3,pending
C2258,INV02829,164.39,paid
C0366,INV02830,180.68,paid
C2991,INV02831,168.02,paid
C3741,INV02832,73.39,paid
C0085,INV02833,172.25,failed
C2493,INV02834,341.55,paid
C4715,INV02835,60.65,paid
C0131,INV02836,434.76,paid
C0903,INV02837,2.05,paid
C3456,INV02838,64.41,paid
C1221,INV02839,21.25,pending
C1763,INV02840,20.31,paid
C2804,INV02841,253.46,paid
C1226,INV02842,375.83,failed
C1284,INV02843,225.6,paid
C0689,INV02844,563.35,paid
C4782,INV02845,36.56,paid
C4881,INV02846,22.76,pending
C4435,INV02847,110.32,paid
C4507,INV02848,264.95,paid
C1996,INV02849,6.1,paid
C4381,INV02850,812.76,paid
C1109,INV02851,138.29,paid
C4945,INV02852,579.07,paid
C0429,INV02853,68.14,paid
C4126,INV02854,91.88,paid
C3781,INV02855,209.37,failed
C0602,INV02856,236.04,paid
C0439,INV02857,,paid
C0984,INV02858,398.46,paid
C1918,INV02859,,paid
C4507,INV02860,2.76,paid
C0527,INV02861,20.64,paid
C4405,INV02862,102.81,paid
C2996,INV02863,92.69,paid
C3467,INV02864,184.85,paid
C1361,INV02865,14.1,paid
C0703,INV02866,155.28,paid
C0662,INV02867,143.71,paid
C0364,INV02868,39.91,paid
C0922,INV02869,117.26,pending
C3856,INV02870,37.69,pending
C0175,INV02871,23.84,paid
C0935,INV02872,127.69,paid
C0381,INV02873,568.96,paid
C0305,INV02874,40.56,paid
C4697,INV02875,65.85,failed
C2390,INV02876,44.47,paid
C2203,INV02877,46.48,paid
C4807,INV02878,77.68,pending
C1465,INV02879,181.53,paid
C3271,INV02880,5.94,paid
C0402,INV02881,472.42,paid
C4709,INV02882,7.11,paid
C2670,INV02883,319.61,paid
C1801,INV02884,337.18,pending
C2650,INV02885,111.5,paid
C0176,INV02886,22.1,paid
C4544,INV02887,124.91,pending
C0742,INV02888,148.58,paid
C2348,INV02889,292.53,paid
C4402,INV02890,120.07,paid
C0750,INV02891,79.33,paid
C0868,INV02892,273.29,paid
C4062,INV02893,594.12,pending
C3967,INV02894,155.39,paid
C0213,INV02895,311.18,paid
C1617,INV02896,136.97,paid
C2530,INV02897,175.57,failed
C3333,INV02898,174.79,paid
C1597,INV02899,183.01,failed
C0511,INV02900,58.07,paid
C0252,INV02901,128.58,pending
C4133,INV02902,135.26,pending
C0628,INV02903,56.77,pending
C3476,INV02904,64.58,paid
C0986,INV02905,215.48,paid
C1725,INV02906,131.1,paid
C2093,INV02907,24.24,paid
C1701,INV02908,272.69,pending
C0304,INV02909,321.98,paid
C4078,INV02910,94.14,paid
C2280,INV02911,35.15,paid
C4340,INV02912,442.35,paid
C2807,INV02913,320.9,paid
C2886,INV02914,42.03,paid
C3454,INV02915,15.07,pending
C1024,INV02916,,paid
C4312,INV02917,169.24,paid
C2975,INV02918,28.93,paid
C0506,INV02919,107.99,pending
C4856,INV02920,83.12,paid
C2951,INV02921,,paid
C1053,INV02922,84.2,paid
C2674,INV02923,114.46,paid
C2567,INV02924,466.12,paid
C1904,INV02925,53.44,pending
C4370,INV02926,51.16,paid
C4587,INV02927,,paid
C4922,INV02928,48.76,paid
C2894,INV02929,267.45,paid
C1100,INV02930,15.06,paid
C3661,INV02931,17.69,pending
C1636,INV02932,347.39,paid
C1455,INV02933,116.74,paid
C3613,INV02934,190.31,paid
C0038,INV02935,38.29,pending
C3084,INV02936,27.28,paid
C4239,INV02937,270.23,paid
C2731,INV02938,66.62,paid
C2415,INV02939,91.05,failed
C0758,INV02940,4.26,paid
C4342,INV02941,73.13,paid
C3116,INV02942,220.74,pending
C0764,INV02943,258.29,paid
C2422,INV02944,179.97,paid
C1314,INV02945,176.74,paid
C4302,INV02946,105.86,paid
C3995,INV02947,115.94,paid
C4029,INV02948,203.59,failed
C3693,INV02949,42.61,pending
C3185,INV02950,39.5,pending
C2866,INV02951,449.13,paid
C1317,INV02952,4.21,paid
C0700,INV02953,22.53,paid
C4383,INV02954,126.71,paid
C2201,INV02955,200.82,paid
C1593,INV02956,115.79,paid
C3987,INV02957,65.79,paid
C4945,INV02958,572.34,paid
C4145,INV02959,182.53,failed
C1230,INV02960,267.03,paid
C2612,INV02961,6.16,paid
C3137,INV02962,40.36,paid
C1908,INV02963,70.3,paid
C1790,INV02964,30.24,paid
C2928,INV02965,11.35,paid
C1088,INV02966,38.25,paid
C2381,INV02967,114.42,paid
C4127,INV02968,178.48,pending
C4963,INV02969,223.1,paid
C2945,INV02970,6.58,paid
C3569,INV02971,83.79,paid
C1165,INV02972,19.55,paid
C0600,INV02973,84.63,pending
C2025,INV02974,85.37,paid
C1584,INV02975,,paid
C0987,INV02976,335.0,paid
C1965,INV02977,245.29,pending
C1439,INV02978,151.89,paid
C4615,INV02979,324.96,pending
C0868,INV02980,170.2,paid
C2063,INV02981,256.27,pending
C1129,INV02982,124.44,failed
C4378,INV02983,111.74,paid
C4456,INV02984,193.16,paid
C3729,INV02985,2.98,paid
C1934,INV02986,175.86,paid
C1076,INV02987,408.9,paid
C1639,INV02988,187.73,paid
C1392,INV02989,5.62,paid
C0030,INV02990,71.19,paid
C0703,INV02991,248.78,paid
C0868,INV02992,477.7,paid
C0232,INV02993,69.34,paid
C0950,INV02994,276.01,pending
C0058,INV02995,299.06,pending
C2818,INV02996,19.74,failed
C3600,INV02997,280.41,paid
C3149,INV02998,58.79,paid
C0301,INV02999,134.93,paid
